. hold time,. to t time,t hold time,t to i time,i hold time,i to e time,e hold time,e to 5 time,5 hold time,5 to Lshift time,Lshift hold time,Lshift to r time,r hold time,r to o time,o hold time,o to a time,a hold time,a to n time,n hold time,n to l time,l hold time
0.0655,1.0939,0.1141,0.1093,0.0497,0.5416,0.0497,1.6737,0.0497,1.1895,2.1524,-0.0383,0.0881,1.1197,0.0812,0.3247,0.0809,0.2343,0.0967,0.1566,0.0811
0.0343,0.7319,0.0341,1.0158,0.0935,0.8160,0.0811,0.4986,0.0966,1.3602,0.7545,-0.0499,0.1590,0.7505,0.0809,0.2644,0.1123,0.1406,0.1281,0.1353,0.0655
0.0341,1.2503,0.0654,0.1549,0.0499,0.1406,0.0809,1.4354,0.0499,0.9377,0.4734,-0.0343,0.0687,0.8692,0.0623,0.7847,0.0654,0.1094,0.0657,0.2032,0.0341
0.0655,0.6704,0.0497,0.1247,0.0333,0.2812,0.0331,0.9205,0.0799,1.8297,0.4890,-0.0497,0.0964,0.5299,0.0518,0.2513,0.0966,0.0937,0.0588,0.2521,0.0968
0.0653,0.3582,0.0653,0.1094,0.0967,0.2136,0.0341,1.4229,0.0327,0.7667,0.3785,-0.0342,0.0685,0.6215,0.0656,0.2031,0.0632,0.1406,0.0341,0.2187,0.0341
0.0480,0.7667,0.0810,0.1873,0.0646,0.1874,0.0811,1.4206,0.0312,0.9084,0.6296,-0.0812,0.1315,1.7627,0.0810,1.0316,0.0653,0.4094,0.0800,0.5255,0.0312
0.0654,1.3283,0.0156,0.1569,0.0341,0.2343,0.0968,1.1223,0.0497,0.3626,0.3754,-0.0345,0.0836,0.6044,0.0811,0.4986,0.0810,0.1393,0.0312,0.1905,0.0644
0.0340,0.6391,0.0810,0.8737,0.0983,0.1093,0.0497,0.4803,0.0966,1.0940,0.5985,-0.0344,0.1000,0.7928,0.0655,0.3893,0.0966,0.0781,0.0965,0.1094,0.0585
0.0489,0.2945,0.0967,0.0625,0.0811,0.2769,0.0655,0.4517,0.0498,0.7955,0.3486,-0.0345,0.0685,0.8235,0.0828,0.8258,0.0811,0.0769,0.0340,0.0625,0.0499
0.0657,0.3728,0.0487,0.1783,0.0655,0.7105,0.0499,0.4528,0.0800,1.0624,0.5049,-0.0831,0.1499,0.1718,0.0967,0.2715,0.1122,0.2656,0.0802,0.0469,0.0966
0.0677,0.2187,0.0499,0.1406,0.1415,0.0469,0.0619,0.7141,0.0965,0.4831,0.4577,-0.0655,0.0811,0.8128,0.0334,0.2187,0.0809,0.0469,0.1098,0.1250,0.0313
0.0675,0.2656,0.1122,0.1042,0.0812,0.1718,0.0654,1.4676,0.0344,0.7483,0.3797,-0.0343,0.0684,0.3384,0.0156,0.3619,0.0332,0.1271,0.0469,0.1749,0.1123
0.0498,0.4206,0.0966,0.0937,0.0613,0.1341,0.0341,0.3793,0.0499,0.4984,0.4091,-0.0342,0.0840,0.1832,0.0812,0.2187,0.0768,0.1187,0.0156,0.1337,0.0654
0.0809,0.2343,0.0810,0.1876,0.0341,0.2077,0.0812,0.2557,0.0810,0.6507,0.3171,-0.0967,0.1770,0.2456,0.0801,0.2343,0.0341,0.0781,0.0812,0.0875,0.0487
0.0670,0.2656,0.0341,0.1094,0.0585,0.1129,0.0343,0.2711,0.1119,0.4142,0.3732,-0.0342,0.1647,0.1963,0.0969,0.3891,0.0499,0.0312,0.0810,0.1093,0.0333
0.0655,0.3102,0.1121,0.0781,0.0655,0.0992,0.0653,0.2880,0.0498,0.3846,0.4880,-0.0333,0.0831,0.1875,0.0497,0.3532,0.0653,0.1094,0.0809,0.0898,0.0499
0.0800,0.7035,0.0653,0.1304,0.0655,0.0937,0.0986,0.4283,0.0647,0.7771,0.3302,-0.0646,0.0989,0.1617,0.0497,0.3795,0.0498,0.0781,0.0500,0.1250,0.0655
0.0967,0.1761,0.0644,0.1562,0.0497,0.1321,0.0344,0.3280,0.0342,1.8441,0.4391,-0.0333,0.0986,0.2812,0.0654,0.1043,0.0342,0.1094,0.0653,0.0937,0.0655
0.0966,0.2174,0.0655,0.1718,0.0809,0.1250,0.0614,0.3286,0.0811,0.3845,0.2994,-0.0156,0.0991,0.2499,0.0344,0.2266,0.0966,0.0469,0.0653,0.1093,0.0624
0.0832,0.3281,0.0497,0.1366,0.0811,0.1406,0.1123,0.1822,0.0469,3.4782,0.4255,-0.0343,0.0996,0.3082,0.0497,0.1875,0.0966,0.0469,0.0927,0.0156,0.0968
0.0966,0.2780,0.0332,0.1406,0.0653,0.1263,0.0966,1.4335,0.0669,0.4987,0.3465,-0.0965,0.1464,0.2917,0.0499,0.0781,0.0655,0.0625,0.0623,0.0742,0.0617
0.0654,0.1718,0.0653,0.0937,0.0806,0.1174,0.0342,1.9080,0.0623,1.4883,0.2860,-0.0812,0.1310,0.2812,0.0453,0.3295,0.1122,0.0466,0.0280,0.1093,0.0654
0.1278,0.1718,0.0499,0.1512,0.0656,0.1562,0.0499,0.3393,0.0497,0.7487,0.3328,-0.0656,0.1464,0.2449,0.0800,0.2343,0.0809,0.0625,0.0309,0.1743,0.0653
0.0341,0.1250,0.1132,0.5737,0.0655,0.1094,0.0655,0.5424,0.1432,2.5522,0.2067,-0.0984,0.1194,0.7900,0.0810,0.1551,0.0966,0.2812,0.0956,0.0950,0.0801
0.0987,0.4519,0.0656,0.1235,0.0653,0.0937,0.0499,0.8526,0.0967,0.4361,0.3468,-0.0344,0.0843,0.3270,0.0811,0.1661,0.1280,0.0781,0.0653,0.1562,0.0342
0.1123,0.2956,0.0498,0.1093,0.0342,0.0937,0.0630,0.6209,0.0811,0.4986,0.3124,-0.0156,0.1000,0.2505,0.1122,0.2125,0.0343,0.0625,0.0809,0.1250,0.0341
0.0965,0.1551,0.0496,0.1406,0.0653,0.1093,0.0653,1.1050,0.0342,1.8922,0.3016,-0.0343,0.0841,0.2656,0.1196,0.0915,0.0497,0.0625,0.0654,0.1250,0.0810
0.0966,0.2812,0.0963,0.0936,0.0653,0.1563,0.0497,0.4758,0.0810,1.3769,0.3157,-0.0658,0.1124,0.2274,0.0673,0.3941,0.0655,0.0781,0.0809,0.1094,0.0748
0.0955,0.2252,0.0499,0.1718,0.0466,0.1650,0.0341,0.4043,0.0500,0.5911,0.2843,-0.0343,0.0499,0.3318,0.0333,0.0937,0.0654,0.0469,0.0727,0.1114,0.0342
0.0823,0.2384,0.0341,0.1406,0.0498,0.1038,0.1279,0.4154,0.0654,1.3596,0.3172,-0.0342,0.1127,0.3253,0.1122,0.1406,0.0966,0.0779,0.0626,0.1718,0.0656
0.0654,0.4094,0.0809,0.1350,0.0342,0.1406,0.0497,0.6989,0.1114,1.5017,0.6312,-0.0342,0.1307,0.4490,0.0341,0.2031,0.0654,0.0781,0.1198,0.1225,0.0654
0.0341,0.2031,0.0340,0.1409,0.0498,0.1875,0.0810,0.2730,0.0656,1.1095,0.2187,-0.0312,0.0974,0.5455,0.0655,0.0938,0.0965,0.0937,0.0810,0.1648,0.0653
0.0966,0.2186,0.0341,0.1718,0.0655,0.0625,0.0809,0.2732,0.0498,0.4050,0.2998,-0.0499,0.1153,0.2659,0.0810,0.0781,0.1123,0.0685,0.0550,0.0781,0.0966
0.0811,0.8273,0.0498,0.1718,0.0342,0.0935,0.0770,0.3905,0.0334,0.8107,0.3955,-0.0657,0.1312,0.1874,0.0653,0.0784,0.1026,0.1093,0.0801,0.0469,0.0491
0.1124,0.5767,0.1123,0.0926,0.0957,0.1093,0.0655,0.2612,0.0499,0.9047,0.3641,-0.0656,0.0996,0.3072,0.0654,0.3748,0.0655,0.0781,0.0653,0.0469,0.1122
0.0653,0.9066,0.0653,0.1250,0.0643,0.0156,0.1434,0.5583,0.0654,0.7641,0.4112,-0.0499,0.0997,0.2289,0.0643,0.0625,0.0965,0.1402,0.0594,0.0988,0.0340
0.0625,0.1435,0.0653,0.1866,0.0654,0.1406,0.0488,1.0408,0.0809,0.4999,0.2973,-0.0156,0.0845,0.3536,0.0343,0.1148,0.0809,0.0469,0.0500,0.0781,0.1152
0.0656,0.1718,0.0495,0.1521,0.0654,0.0625,0.0645,0.3091,0.0498,0.6235,0.3174,-0.0521,0.1515,0.2812,0.0962,0.0674,0.0343,0.0993,0.0498,0.0469,0.0811
0.0497,0.2187,0.0498,0.1824,0.0343,0.0312,0.0810,1.0598,0.0809,0.5144,0.3470,-0.0502,0.1469,0.4059,0.0930,0.2187,0.0965,0.0469,0.0740,0.1297,0.0653
0.0653,0.2000,0.0654,0.1406,0.0497,0.0781,0.0489,0.3844,0.0654,0.6705,0.2546,-0.0342,0.0689,0.3536,0.0498,0.0469,0.0967,0.0625,0.0498,0.1093,0.1023
0.1280,0.1852,0.0965,0.0937,0.0965,0.0625,0.0898,0.5640,0.1268,2.2389,0.1904,-0.0342,0.1129,0.2671,0.0497,0.0992,0.0825,0.0627,0.0655,0.0312,0.0653
0.0341,0.3728,0.0156,0.0970,0.0967,0.0781,0.0499,0.5131,0.0493,0.8227,0.4109,-0.0499,0.0996,0.1718,0.0497,0.0779,0.0578,0.0469,0.0655,0.1718,0.0966
0.0312,0.5172,0.0814,0.1718,0.0310,0.0454,0.1331,1.4333,0.0340,0.3179,0.3558,-0.0812,0.1466,0.1562,0.0499,0.0469,0.1053,0.0781,0.0810,0.0937,0.0812
0.0809,0.3582,0.0937,0.1124,0.0923,0.0156,0.0965,0.2656,0.0966,0.4534,0.3441,-0.0499,0.0839,0.2495,0.0761,0.0308,0.0710,0.0625,0.0499,0.0469,0.0812
0.0497,0.2175,0.0331,0.1094,0.0655,0.0781,0.0966,0.3376,0.0498,1.5488,0.5200,-0.0965,0.1464,0.1875,0.0310,0.1340,0.0340,0.0312,0.0810,0.0937,0.0810
0.0653,0.2185,0.0967,0.0937,0.0653,0.0781,0.0341,0.3202,0.0810,0.8909,0.3001,-0.0658,0.1000,0.2610,0.0340,0.0469,0.0965,0.0469,0.0654,0.0469,0.0892
0.0966,0.0934,0.0322,0.0952,0.0800,0.0312,0.1022,0.3304,0.0340,0.2968,0.4551,-0.0966,0.1309,0.2770,0.0332,0.0312,0.0810,0.1094,0.0652,0.0310,0.0899
0.0654,0.7660,0.0655,0.1094,0.0966,0.0312,0.1381,1.4388,0.0342,0.1851,0.3468,-0.0344,0.0533,0.4014,0.0489,0.1403,0.0655,0.0333,0.1122,0.0625,0.0157
0.0812,0.2187,0.0932,0.1231,0.0965,0.0781,0.0498,0.9662,0.0966,0.2488,0.3467,-0.0655,0.0997,0.3081,0.0343,0.1305,0.0498,0.0312,0.0340,0.0979,0.0540
0.1124,0.0937,0.0500,0.6360,0.0653,0.1394,0.1592,0.4674,0.0331,0.6706,0.4116,-0.0500,0.1001,0.3071,0.0812,0.0312,0.0654,0.1406,0.0811,0.0625,0.0560
0.0966,1.2041,0.1125,0.1562,0.0654,0.1093,0.0767,0.8424,0.0678,0.7635,0.2999,-0.0344,0.1413,0.1875,0.0654,0.0625,0.0653,0.0469,0.0741,0.1530,0.0342
0.0654,0.2340,0.0332,0.1093,0.0811,0.1093,0.0498,0.3512,0.0810,0.3581,0.3593,-0.0156,0.0656,0.2743,0.0810,0.0625,0.0811,0.0796,0.0669,0.0781,0.0341
0.0498,0.2634,0.0342,0.1773,0.0498,0.1094,0.0963,0.2220,0.0656,1.4392,0.2061,-0.0499,0.1000,0.2757,0.0810,0.0312,0.0501,0.1406,0.0499,0.0874,0.0499
0.0966,0.3581,0.0967,0.0937,0.0954,0.2045,0.0341,0.3840,0.0497,0.5935,0.2809,-0.0310,0.0647,0.1916,0.0341,0.0993,0.0810,0.0312,0.1094,0.1144,0.0343
0.0801,0.4975,0.0341,0.1406,0.0498,0.0469,0.0740,0.2219,0.0966,0.5580,0.3640,-0.0343,0.0998,0.3070,0.0653,0.1094,0.0968,0.0313,0.0787,0.0852,0.1020
0.0497,1.4852,0.0800,0.0781,0.0967,0.1406,0.0937,0.2499,0.0487,0.4186,0.4421,-0.0343,0.0684,0.3696,0.0704,0.3437,0.1217,0.0625,0.0965,0.1094,0.0653
0.0654,0.2799,0.0969,0.0781,0.0656,0.0625,0.1084,0.7157,0.0497,0.3269,0.4861,-0.0486,0.1172,0.5255,0.0469,0.0656,0.0813,0.0625,0.0469,0.1517,0.0497
0.0653,0.3738,0.0801,0.0937,0.1124,0.0312,0.0647,1.1696,0.0810,0.4040,0.3623,-0.0655,0.0995,0.3083,0.1122,0.0312,0.0344,0.0776,0.0702,0.1623,0.0331
0.0353,0.3023,0.0811,0.1457,0.0967,0.0469,0.0810,1.1692,0.0341,0.4519,0.4110,-0.0500,0.0841,0.3070,0.0498,0.0937,0.0810,0.0781,0.0653,0.0312,0.0498
0.0810,0.2812,0.0642,0.2202,0.0810,0.0625,0.0341,0.5072,0.0654,2.3946,0.3459,-0.0491,0.0807,0.2741,0.0343,0.1149,0.0345,0.0429,0.0810,0.0625,0.0653
0.1435,0.1852,0.0966,0.1562,0.0497,0.1835,0.0966,0.2812,0.0653,0.6226,0.3783,-0.0658,0.1624,0.2495,0.0342,0.1094,0.0966,0.0688,0.0343,0.0469,0.1113
0.0497,0.4831,0.1748,0.0625,0.0810,0.1721,0.0499,0.2968,0.0586,0.7955,0.2687,-0.0500,0.0841,0.3124,0.0653,0.0625,0.1080,0.0312,0.0653,0.0625,0.0966
0.1125,0.2329,0.0653,0.1250,0.0341,0.1093,0.0813,0.2730,0.0810,1.4238,0.2843,-0.0343,0.1725,0.1301,0.0655,0.0469,0.0966,0.0625,0.0654,0.1798,0.0497
0.0967,0.2343,0.0653,0.1209,0.1278,0.7175,0.0654,1.2049,0.0809,0.5916,0.9792,-0.0656,0.0997,0.1305,0.0969,0.0312,0.0629,0.0752,0.0644,0.0312,0.0786
0.1122,0.2008,0.0809,0.2187,0.0624,0.1331,0.0498,0.3792,0.0501,2.8640,0.5671,-0.0498,0.1467,0.3851,0.0654,0.0781,0.0343,0.0781,0.0559,0.1562,0.0340
0.0654,0.3269,0.0809,0.1250,0.0341,0.0312,0.1121,0.5145,0.0575,0.7202,0.3797,-0.0360,0.1169,0.2031,0.0497,0.0781,0.1209,0.0625,0.0330,0.0781,0.0966
0.0497,0.2187,0.0808,0.0893,0.0811,0.0469,0.1279,0.2456,0.0966,0.9691,0.3780,-0.0343,0.0998,0.2507,0.0499,0.0312,0.1436,0.0312,0.0521,0.0652,0.0690
0.0977,0.5774,0.0343,0.0781,0.0814,0.1094,0.1123,0.2268,0.0810,0.4519,0.5515,-0.1124,0.1623,0.2399,0.0858,0.0781,0.0497,0.0625,0.0341,0.0993,0.0654
0.0986,0.1889,0.0966,0.1406,0.0869,0.0622,0.0655,0.3124,0.0340,0.8259,0.4109,-0.0656,0.0997,0.2499,0.0340,0.0700,0.1012,0.0312,0.0497,0.0468,0.0500
0.0974,0.2031,0.0654,0.1250,0.0769,0.0959,0.0497,0.3520,0.0810,0.5465,0.4093,-0.0812,0.1268,0.1613,0.0781,0.0645,0.0497,0.1250,0.0404,0.0642,0.0700
0.0811,0.3893,0.0497,0.2031,0.0302,0.1501,0.0497,0.2968,0.0540,0.6859,1.1667,-0.0344,0.0684,0.2249,0.0654,0.0781,0.0656,0.1093,0.0653,0.0625,0.0552
0.0960,0.3799,0.1234,0.0312,0.1210,0.0312,0.0469,0.3153,0.0497,0.5769,0.5516,-0.1281,0.2092,0.7907,0.0336,0.0469,0.1434,0.0312,0.0497,0.0937,0.0809
0.0965,0.2176,0.0654,0.1094,0.0812,0.0468,0.1123,0.1948,0.0655,0.4527,0.3780,-0.0499,0.1285,0.2349,0.0645,0.0624,0.1123,0.0310,0.1048,0.0469,0.1022
0.0642,0.1919,0.0499,0.1718,0.0808,0.0374,0.0500,0.2499,0.0810,0.4643,0.3610,-0.0469,0.1310,0.2031,0.0739,0.0786,0.0617,0.1094,0.0341,0.0781,0.1124
0.0800,0.4226,0.0653,0.0937,0.1123,0.0731,0.0670,0.1562,0.0340,0.4318,0.3311,-0.0343,0.1623,0.1406,0.0967,0.0469,0.1125,0.0370,0.0520,0.0937,0.0967
0.0497,0.3581,0.0645,0.1562,0.0342,0.0937,0.0966,0.2127,0.0653,0.5925,0.3922,-0.0156,0.0840,0.6196,0.0967,0.1250,0.1116,0.0625,0.0497,0.0469,0.1122
0.0969,0.3578,0.0644,0.0781,0.0955,0.0312,0.0656,0.2292,0.0810,5.7155,0.3154,-0.0655,0.1152,0.6995,0.0781,0.0812,0.0657,0.0625,0.0653,0.1332,0.0500
0.0616,0.4931,0.0598,0.0937,0.0810,0.0781,0.0653,0.3056,0.0656,2.0188,0.2844,-0.0501,0.1001,0.2755,0.0967,0.0312,0.0810,0.0781,0.0739,0.0625,0.0341
0.0498,0.8284,0.0965,0.0625,0.1122,0.0312,0.0657,0.2731,0.0965,0.5311,0.2674,-0.0183,0.0874,0.2517,0.0340,0.0312,0.0966,0.0520,0.1018,0.0469,0.0811
0.0653,0.2957,0.0497,0.1406,0.0654,0.0778,0.0762,0.1718,0.0969,2.8942,0.2531,-0.0968,0.1310,0.2758,0.0654,0.0937,0.0653,0.0937,0.0655,0.0623,0.1047
0.0969,0.1562,0.0640,0.1116,0.0813,0.0469,0.0809,0.2395,0.0652,0.7030,0.3923,-0.0156,0.2093,0.1406,0.0933,0.0781,0.0331,0.0469,0.0341,0.0937,0.0809
0.1122,0.4518,0.0653,0.1384,0.1122,0.3434,0.0645,0.2822,0.0644,0.9662,0.3486,-0.0500,0.0842,0.1773,0.0498,0.0781,0.1431,0.0312,0.0488,0.0312,0.0813
0.0332,0.2877,0.0497,0.1664,0.0489,0.1250,0.0341,0.1791,0.1436,1.7215,0.3151,-0.0494,0.1306,0.1406,0.0342,0.1148,0.1114,0.0330,0.0833,0.0504,0.0156
0.0966,0.3436,0.0653,0.1723,0.0472,0.0937,0.0643,0.1562,0.0799,0.6686,0.3312,-0.0344,0.0684,0.2144,0.0342,0.5445,0.0966,0.1094,0.0809,0.0781,0.0937
0.0615,0.5214,0.0315,0.1304,0.0497,0.0469,0.1121,0.3461,0.0653,3.1005,0.2841,-0.0811,0.0967,0.3146,0.0799,0.0625,0.0156,0.0647,0.0742,0.0640,0.1278
0.1299,0.1875,0.0341,0.2085,0.0310,0.0217,0.1029,0.2656,0.0809,0.5392,0.3352,-0.0343,0.0998,0.2552,0.0496,0.1250,0.0809,0.0312,0.0654,0.2119,0.0342
0.0498,0.4569,0.0656,0.1229,0.0810,0.0781,0.1279,0.1406,0.0714,0.4394,0.3798,-0.0342,0.1307,0.2095,0.0968,0.0625,0.1436,0.0469,0.0341,0.0397,0.1130
0.0654,0.3426,0.0967,0.1094,0.0498,0.1093,0.0654,0.1792,0.0344,0.3596,0.4700,-0.0344,0.1423,0.2747,0.0809,0.0312,0.0965,0.0495,0.0812,0.0312,0.1179
0.0965,0.2166,0.0809,0.1406,0.0654,0.0312,0.0896,0.2384,0.0654,1.4813,0.3155,-0.0499,0.0990,0.3124,0.0342,0.0625,0.0752,0.0325,0.0500,0.0469,0.0810
0.0499,0.3124,0.0466,0.1028,0.0490,0.0781,0.0810,0.1406,0.1428,0.4374,0.3839,-0.0647,0.1300,0.1937,0.0655,0.0937,0.1122,0.0313,0.0343,0.0469,0.1058
0.0809,0.2031,0.0622,0.1489,0.0653,0.0312,0.0497,0.3004,0.0800,3.9446,0.5357,-0.0810,0.1465,0.9650,0.0500,0.1391,0.0811,0.0469,0.0957,0.0469,0.0657
0.0966,0.3593,0.0787,0.1093,0.1121,0.0781,0.0341,0.2433,0.0811,0.5924,0.4109,-0.0343,0.0683,0.2867,0.0657,0.0804,0.0539,0.0469,0.0487,0.1094,0.0656
0.0654,0.2656,0.0331,0.1264,0.0966,0.0469,0.0809,0.5060,0.0644,0.6090,0.4893,-0.0658,0.1312,0.2455,0.0343,0.4829,0.0812,0.0469,0.0985,0.0469,0.0963
0.0654,0.1431,0.0654,0.1250,0.0653,0.0469,0.0625,0.2138,0.0498,0.3434,0.2954,-0.0344,0.1492,0.1326,0.0654,0.4374,0.0963,0.0781,0.0341,0.0993,0.0341
0.0653,0.3728,0.1125,0.1250,0.0653,0.0622,0.0583,0.1446,0.0653,0.5877,0.3018,-0.0346,0.1650,0.2031,0.0342,0.0312,0.1503,0.0312,0.0966,0.0367,0.0498
0.0811,0.1718,0.0810,0.1197,0.0809,0.0781,0.0809,0.2031,0.0616,1.3751,0.3016,-0.0343,0.0684,0.2968,0.0807,0.0703,0.0654,0.0625,0.0967,0.0469,0.0968
0.1122,0.2488,0.1436,0.0625,0.0497,0.0469,0.1354,0.4374,0.0498,1.0315,0.2079,-0.0344,0.1520,0.1875,0.1179,0.0792,0.0967,0.0469,0.0619,0.1972,0.0826
0.0654,0.4508,0.0653,0.1406,0.0966,0.0781,0.1082,0.1093,0.0654,0.7926,0.3505,-0.0156,0.1131,1.9341,0.0812,0.1250,0.1423,0.0312,0.0331,0.5434,0.0341
0.0808,0.4666,0.0966,0.0469,0.1081,0.0469,0.1165,0.0937,0.0645,0.6477,0.2837,-0.0157,0.1493,0.2889,0.0809,0.2499,0.1572,0.0937,0.0341,0.1304,0.0653
0.0496,0.5926,0.0655,0.1094,0.1108,0.0312,0.1014,0.2656,0.0779,0.9606,0.6915,-0.1118,0.1803,0.2233,0.0809,0.0625,0.1330,0.0312,0.0811,0.2187,0.0653
0.0966,0.4674,0.0936,0.1269,0.0341,0.0469,0.0781,0.2375,0.0766,0.4683,0.8320,-0.0343,0.0685,0.6819,0.0799,0.0356,0.0810,0.1250,0.0965,0.2728,0.0342
0.0828,0.4840,0.0957,0.0624,0.0643,0.0625,0.0956,0.1970,0.0156,0.3779,0.4079,-0.0343,0.0996,0.2927,0.0499,0.0468,0.1124,0.0469,0.0497,0.1334,0.0810
0.1123,0.5142,0.0340,0.1305,0.0966,0.0625,0.1145,0.2213,0.0340,0.7774,0.3389,-0.0342,0.1490,0.1433,0.0810,0.1250,0.0496,0.0836,0.0498,0.1283,0.0810
0.0796,0.2084,0.0965,0.1093,0.0497,0.0680,0.0497,0.1718,0.0654,0.3397,0.3312,-0.0344,0.0842,0.2344,0.0625,0.0654,0.0810,0.0313,0.0652,0.1282,0.0498
0.0809,0.2030,0.0656,0.1843,0.0655,0.0625,0.0654,0.1406,0.0778,0.2137,0.5835,-0.0647,0.1457,0.1872,0.0451,0.1406,0.0645,0.1562,0.0342,0.2750,0.0497
0.0811,0.3456,0.0809,0.3833,0.0653,0.1094,0.0935,0.1242,0.0653,0.8113,0.8408,-0.0343,0.1000,0.2690,0.0654,0.0937,0.0654,0.0469,0.0811,0.1247,0.0744
0.0779,0.2207,0.0965,0.0937,0.1121,0.0430,0.1009,0.1406,0.0340,0.2407,0.5834,-0.0354,0.2118,0.4620,0.0341,0.1094,0.0499,0.0781,0.0340,0.1226,0.0810
0.0985,0.1895,0.0810,0.1094,0.0865,0.0625,0.0959,0.1718,0.0497,0.4497,0.3806,-0.0343,0.1153,0.1875,0.1355,0.0625,0.1279,0.0781,0.0811,0.0625,0.0344
0.0827,0.4062,0.0313,0.1330,0.0343,0.0786,0.1016,0.6207,0.0809,1.5644,0.4459,-0.0343,0.1143,0.1952,0.0653,0.0625,0.0800,0.2625,0.0498,0.1093,0.0653
0.0341,1.7362,0.0340,0.0937,0.0653,0.0888,0.1552,0.1406,0.0499,2.5529,0.3162,-0.1287,0.2565,0.2187,0.0343,0.0625,0.1028,0.0343,0.0775,0.0710,0.1278
0.0809,0.2488,0.0497,0.0781,0.0499,0.0469,0.1124,0.2775,0.0657,0.6033,0.8032,-0.0655,0.0998,0.2554,0.0341,0.1305,0.1127,0.0937,0.0654,0.0469,0.0654
0.0658,0.4202,0.1125,0.0468,0.0656,0.0581,0.1010,0.1562,0.0965,1.8400,0.3468,-0.1125,0.2535,0.2343,0.0655,0.0781,0.1549,0.0312,0.0654,0.1406,0.0653
0.1279,0.1874,0.0653,0.1355,0.0343,0.0469,0.1436,0.0937,0.0810,0.5863,0.3641,-0.1124,0.2715,0.0895,0.0343,0.1139,0.1593,0.0469,0.0497,0.1478,0.0655
0.0341,0.5455,0.0488,0.0781,0.1124,-0.0343,0.1128,0.1560,0.0343,0.3905,0.4503,-0.0499,0.2059,0.3124,0.0810,0.1072,0.0655,0.0312,0.0785,0.0542,0.0967
0.0968,0.1562,0.0809,0.1094,0.0473,0.0412,0.1122,0.2343,0.0498,0.7027,0.4527,-0.0309,0.1829,0.3280,0.0870,0.0799,0.1279,0.0312,0.0497,0.1250,0.0838
0.0655,0.3121,0.1278,0.0469,0.0809,0.0887,0.0695,0.1562,0.0653,0.5074,0.4733,-0.0654,0.2558,0.2145,0.0489,0.0937,0.0968,0.0469,0.0810,0.1697,0.0810
0.0809,0.1406,0.0653,0.0722,0.1154,0.0312,0.0966,0.1250,0.0967,0.5260,0.7567,-0.0396,0.0927,0.3473,0.0654,0.1093,0.1434,0.0625,0.0651,0.0225,0.0499
0.1279,0.5924,0.0802,0.0510,0.0812,0.0468,0.0801,0.3349,0.0809,0.9077,0.8684,-0.0397,0.1206,0.1766,0.0644,0.0937,0.0967,0.0625,0.0809,0.1088,0.0810
0.0810,0.2810,0.0340,0.1149,0.0809,0.0313,0.0862,0.1895,0.0655,0.5561,0.7719,-0.1609,0.2574,0.1406,0.0810,0.1250,0.0310,0.0555,0.1000,0.0312,0.0810
0.1128,0.1875,0.0496,0.0937,0.0897,0.0312,0.0969,0.2499,0.0965,0.3863,0.5203,-0.0967,0.2089,0.2448,0.0809,0.0937,0.0340,0.0937,0.0497,0.0714,0.1123
0.0829,0.2499,0.0955,0.1063,0.0341,0.0937,0.0809,0.1875,0.0497,1.0411,0.7778,-0.1677,0.2007,0.7391,0.0497,0.2342,0.0498,0.0625,0.0810,0.1094,0.0730
0.0341,0.3719,0.0811,0.1093,0.0343,0.0312,0.1094,0.1518,0.0655,0.3749,0.5349,-0.0469,0.2150,0.1406,0.0499,0.0937,0.1397,0.0312,0.0498,0.1093,0.0330
0.0343,0.1875,0.0312,0.1082,0.0999,0.1406,0.0340,0.8064,0.0342,0.4823,0.5516,-0.1142,0.2107,0.4956,0.0809,0.4207,0.0966,0.0312,0.1364,0.0937,0.0483
0.1124,0.2031,0.0953,0.1111,0.0654,0.0625,0.0799,0.2265,0.0655,0.5767,0.5984,-0.0500,0.1000,0.1148,0.0497,0.0945,0.0673,0.0625,0.0800,0.0624,0.1594
0.0343,0.2051,0.0967,0.0781,0.0966,0.0312,0.1200,0.1562,0.0809,0.4796,0.7077,-0.0811,0.1310,0.2768,0.0809,0.1406,0.0497,0.1038,0.0392,0.0937,0.0653
0.0809,0.2343,0.0497,0.1256,0.0809,0.0625,0.1122,0.1406,0.0687,0.5807,0.7547,-0.1281,0.1934,0.2759,0.0342,0.0469,0.0811,0.0781,0.0809,0.1091,0.0428
0.0653,0.2645,0.0781,0.1748,0.0497,0.0933,0.0578,0.2062,0.0965,0.2926,0.6783,-0.1746,0.2089,0.2906,0.0498,0.0937,0.0497,0.0625,0.1121,0.0781,0.0156
0.0653,0.2656,0.0652,0.1378,0.0809,0.0312,0.1123,0.1875,0.0752,0.4241,0.5158,-0.0967,0.2388,0.2344,0.0809,0.0468,0.0965,0.0871,0.0500,0.0937,0.0809
0.0831,0.1895,0.0498,0.1718,0.0393,0.0312,0.0698,0.2968,0.0653,0.3195,0.5797,-0.1250,0.2090,0.3082,0.0343,0.0993,0.0487,0.0625,0.0968,0.0341,0.1122
0.1124,0.2497,0.0811,0.0781,0.0657,0.0625,0.1120,0.2262,0.0654,1.4862,0.7076,-0.1592,0.1933,0.5728,0.0341,0.1430,0.0965,0.0312,0.0775,0.1491,0.0341
0.1279,0.2811,0.0340,0.1149,0.0809,0.0520,0.0341,0.4224,0.0651,1.2645,0.6598,-0.1895,0.2395,0.3247,0.0958,0.1094,0.0343,0.0312,0.0806,0.0243,0.0666
0.0965,0.5144,0.0498,0.1443,0.0810,0.3124,0.0922,0.2031,0.0655,0.5556,0.5688,-0.1746,0.2089,0.2282,0.0809,0.3738,0.0810,0.0312,0.0966,0.0625,0.1591
0.0965,0.2177,0.0341,0.0937,0.0498,0.0469,0.0966,0.1560,0.0732,0.4831,0.6338,-0.1651,0.1994,0.1617,0.0654,0.0469,0.1081,0.0937,0.0496,0.0937,0.0811
0.0821,0.7809,0.0809,0.0916,0.0653,0.1250,0.0498,0.2187,0.0498,0.5095,1.5741,-0.0811,0.1277,0.9642,0.0811,0.0292,0.1706,0.0469,0.0496,0.2233,0.0424
0.1124,0.3111,0.0653,0.0937,0.0657,0.0310,0.1385,0.1562,0.0811,0.1989,0.6454,-0.1281,0.1778,0.2499,0.0778,0.1028,0.0654,0.1250,0.0652,0.1406,0.0796
0.0497,0.3259,0.1434,0.0469,0.0653,0.0313,0.1412,0.2031,0.0343,0.5877,0.5516,-0.1593,0.1924,0.2456,0.0965,0.0938,0.0965,0.0312,0.0651,0.0248,0.0965
0.0966,0.2968,0.0457,0.1507,0.0341,0.0469,0.1278,0.1094,0.0625,0.3821,0.6084,-0.1748,0.2090,0.2505,0.0501,0.0625,0.0812,0.0625,0.0706,0.0795,0.0655
0.1275,0.1867,0.0968,0.1250,0.0966,0.1096,0.0341,0.2391,0.0654,0.9570,0.4266,-0.1125,0.1625,0.3069,0.0498,0.0781,0.0498,0.0937,0.0956,0.1345,0.0341
0.0653,0.4988,0.0810,0.0937,0.0643,0.0802,0.0811,0.2499,0.0657,0.4580,0.5966,-0.1406,0.1907,0.2398,0.0654,0.0469,0.0497,0.0962,0.0485,0.1457,0.0497
0.0653,0.2175,0.0810,0.1406,0.1425,0.0468,0.0428,0.2165,0.0342,0.6727,0.7769,-0.1503,0.1846,0.4124,0.0342,0.0801,0.0966,0.0937,0.0497,0.0781,0.0682
0.0650,0.5136,0.1142,0.0312,0.0810,0.0673,0.0653,0.5336,0.0653,0.7046,0.6817,-0.1020,0.1987,0.2394,0.0342,0.0469,0.1123,0.0625,0.0654,0.1094,0.0497
0.0497,0.3279,0.0497,0.1250,0.0344,0.0785,0.0854,0.2733,0.0652,0.5250,0.4909,-0.1435,0.1777,0.4146,0.0809,0.0781,0.1122,0.0312,0.0345,0.1237,0.0344
0.0653,0.2060,0.0810,0.0937,0.1278,0.0623,0.0252,0.2086,0.0811,0.3810,0.4704,-0.0781,0.1624,0.3704,0.0469,0.0810,0.0653,0.0937,0.0810,0.0625,0.0496
0.0653,0.1250,0.0769,0.4419,0.0939,0.0469,0.0341,0.3905,0.0446,0.4083,0.6863,-0.0649,0.1063,0.3593,0.0341,0.0966,0.0810,0.0312,0.0652,0.0781,0.1112
0.0833,0.2499,0.0497,0.1403,0.1064,0.0312,0.0654,0.2968,0.0427,0.3325,0.5468,-0.1279,0.1933,0.2614,0.0811,0.0625,0.0655,0.0781,0.0497,0.0554,0.1011
0.0341,0.2398,0.0652,0.1494,0.0655,0.0781,0.1124,0.1406,0.0722,0.8745,0.8064,-0.0499,0.1155,0.2031,0.0653,0.1341,0.1592,0.0625,0.0645,0.1791,0.1122
0.1110,0.2083,0.0342,0.1304,0.0489,0.1090,0.0666,0.2374,0.0340,0.3531,0.5046,-0.1299,0.1612,0.3000,0.0623,0.0571,0.0498,0.1304,0.1123,0.0469,0.0497
0.0809,0.2994,0.0966,0.1250,0.0810,0.0953,0.0498,0.1718,0.0487,0.4599,0.6146,-0.0966,0.1307,0.2295,0.0801,0.0312,0.0810,0.1094,0.0496,0.0778,0.0286
0.1091,0.2340,0.1747,0.0937,0.0798,0.0793,0.0809,0.1261,0.0654,0.3335,0.6146,-0.0967,0.1779,0.6198,0.0622,0.0489,0.1169,0.0625,0.0340,0.0625,0.0966
0.0497,0.2789,0.0802,0.1562,0.0309,0.0406,0.0966,0.1875,0.0489,0.2792,0.6017,-0.2112,0.2610,0.3193,0.0655,0.0625,0.0498,0.0937,0.0488,0.1093,0.0653
0.0655,0.2503,0.0802,0.1718,0.0802,0.0962,0.0652,0.1093,0.0969,0.1773,0.7492,-0.1675,0.2020,0.3132,0.0341,0.0992,0.0809,0.0781,0.0653,0.0794,0.0159
0.0654,0.5300,0.0653,0.1250,0.0497,0.0731,0.1722,0.1718,0.0497,0.6868,0.5345,-0.0330,0.0839,0.2187,0.0812,0.0625,0.1332,0.0312,0.0343,0.0312,0.0341
0.0967,0.3091,0.0490,0.0781,0.0966,0.0469,0.1122,0.1500,0.0811,0.2187,0.5173,-0.1436,0.1937,0.5422,0.0648,0.0776,0.0699,0.0625,0.1124,0.0312,0.0654
0.0496,0.2187,0.0966,0.1501,0.0346,0.0312,0.0653,0.1875,0.0343,0.3206,0.5046,-0.0967,0.1436,0.3882,0.0811,0.0312,0.0342,0.0469,0.0969,0.0312,0.0786
0.0958,0.2333,0.0972,0.1406,0.0654,0.0781,0.0654,0.1493,0.0810,0.6549,0.7075,-0.0340,0.0682,0.3122,0.0496,0.1149,0.1448,0.0831,0.0497,0.0619,0.0392
0.0497,0.2968,0.1266,0.0781,0.0340,0.0469,0.0965,0.1560,0.0399,0.3905,0.5027,-0.0497,0.0840,0.2759,0.0654,0.0625,0.0500,0.1094,0.0343,0.0863,0.0547
0.1393,0.2031,0.0967,0.1676,0.0654,0.0312,0.0653,0.1562,0.0157,0.5133,0.6589,-0.0653,0.1100,0.3782,0.0156,0.0499,0.0921,2.3002,0.0497,0.0312,0.1207
0.0331,1.1906,0.0810,0.1093,0.0967,0.0886,0.0499,0.5298,0.0342,0.3023,1.0602,-0.0341,0.0685,0.9971,0.0343,0.1538,0.0512,0.0312,0.0653,0.0469,0.0654
0.0498,0.4218,0.0641,0.0781,0.0487,0.0629,0.1177,0.1562,0.0340,0.3156,0.4398,-0.0653,0.1002,0.5878,0.0966,0.0469,0.0344,0.0269,0.0655,0.1406,0.0653
0.0967,0.6238,0.0489,0.1560,0.0810,0.1250,0.0497,0.5104,0.0497,0.5769,0.5358,-0.0498,0.1141,1.5937,0.0497,0.0916,0.0860,0.0625,0.0497,0.0312,0.1022
0.0984,0.4544,0.0939,0.1426,0.0653,0.0312,0.0966,0.2088,0.0341,0.9205,0.7563,-0.0343,0.0686,0.2711,0.0390,0.0317,0.0664,0.0469,0.0967,0.0312,0.0811
0.0966,0.3894,0.0966,0.1093,0.0654,0.0625,0.0896,0.2188,0.0498,0.6080,0.5203,-0.1125,0.1621,0.1929,0.0310,0.1018,0.0966,0.0625,0.0497,0.1261,0.0497
0.0499,0.7814,0.0653,0.0781,0.0653,0.0781,0.0341,0.2744,0.0341,0.2710,0.5889,-0.1122,0.1612,0.4670,0.0653,0.0469,0.0811,0.0469,0.0342,0.0781,0.0801
0.0965,0.2957,0.1582,0.0469,0.0497,0.0781,0.0584,0.1847,0.0957,0.3150,0.6150,-0.1145,0.1488,0.2968,0.0342,0.0386,0.0813,0.1094,0.0809,0.0468,0.0810
0.0653,0.2968,0.0653,0.2500,0.0800,0.0781,0.0653,0.1637,0.0312,0.3467,0.6105,-0.1275,0.1765,0.2521,0.0654,0.0781,0.0497,0.0309,0.0555,0.0781,0.0966
0.1121,0.1093,0.0499,0.2499,0.0917,0.0502,0.0809,0.2031,0.0499,0.4609,0.5514,-0.0654,0.1463,0.2460,0.0498,0.0313,0.0312,0.0801,0.0968,0.0156,0.0726
0.0655,0.1406,0.1071,0.1292,0.0156,0.0656,0.0653,0.1094,0.0499,0.3468,0.5233,-0.1124,0.1280,0.6360,0.0498,0.1082,0.0343,0.0625,0.1112,0.0469,0.0810
0.0810,0.6080,0.0497,0.1091,0.1272,0.0469,0.0341,0.1874,0.1122,0.2619,1.2098,-0.0341,0.0498,0.3999,0.0811,0.3580,0.0810,0.1406,0.0655,0.0623,0.0605
0.0654,0.2187,0.0343,0.1406,0.0758,0.0645,0.0811,0.2031,0.0810,0.6160,0.7773,-0.0714,0.0874,0.3049,0.0653,0.0625,0.0966,0.0312,0.1032,0.0469,0.1145
0.0772,0.0879,0.0469,0.1749,0.1124,0.0625,0.0620,0.1169,0.0809,0.2710,0.7330,-0.0334,0.0490,0.3520,0.0980,0.0312,0.0656,0.0781,0.0345,0.0312,0.0966
0.0340,0.7953,0.0509,0.0781,0.0800,0.0937,0.0810,1.6531,0.0656,0.4359,0.4734,-0.0656,0.0988,0.5267,0.0653,0.0469,0.1424,0.0312,0.0811,0.0781,0.0809
0.0653,0.5144,0.0340,0.1304,0.0499,0.0937,0.0676,0.2343,0.0331,0.7806,0.8187,-0.0809,0.1464,0.2927,0.0809,0.1093,0.0653,0.1093,0.0342,0.1015,0.0342
0.0343,0.2094,0.0956,0.1250,0.0497,0.0625,0.0466,0.1649,0.0799,0.2656,0.8330,-0.0811,0.0967,0.2053,0.1108,0.0312,0.0497,0.0625,0.0654,0.1093,0.0497
0.0967,0.6444,0.1579,0.0781,0.0340,0.0625,0.0967,0.4021,0.0653,1.1566,0.8022,-0.0499,0.0840,0.3747,0.0773,0.0625,0.0499,0.0312,0.0965,0.0312,0.0810
0.0340,0.4428,0.0578,0.0951,0.0342,0.0781,0.0341,0.4446,0.1592,0.5455,0.6766,-0.0500,0.1147,0.2669,0.0496,0.0469,0.0653,0.2124,0.0341,0.1460,0.0655
0.0655,1.7829,0.0625,0.1111,0.1279,0.0937,0.0653,0.2762,0.0469,0.5015,0.4579,-0.0683,0.1805,0.1406,0.0342,0.0625,0.1012,0.0312,0.0655,0.0781,0.0653
0.0781,0.1905,0.0812,0.1674,0.0676,0.0312,0.0341,0.1718,0.0809,0.4908,0.5201,-0.0497,0.0995,0.2615,0.1124,0.0469,0.0967,0.0625,0.0622,0.0428,0.0469
0.0625,0.6422,0.1122,0.1071,0.0342,0.1295,0.0955,0.2187,0.0310,1.2614,0.8450,-0.0621,0.0970,0.2986,0.0654,0.1250,0.0756,0.0625,0.0710,0.0469,0.0499
0.0810,0.2031,0.0342,0.1412,0.1903,-0.1122,0.1591,0.2429,0.0498,0.5309,0.3622,-0.0966,0.1308,0.9026,0.0967,1.8472,0.0497,0.0781,0.0965,0.0781,0.1587
0.0499,0.4975,0.0341,0.4374,0.0644,0.0781,0.1122,0.2500,0.0310,1.2645,0.3278,-0.0310,0.1117,0.2251,0.0499,0.0625,0.0655,0.0660,0.0667,0.0343,0.0967
0.0653,0.4987,0.0809,0.0931,0.0196,0.0813,0.0654,0.3181,0.0656,1.2501,0.2843,-0.0812,0.1129,0.4405,0.0620,0.0803,0.0811,0.0937,0.0809,0.1406,0.0867
0.0654,0.6861,0.0469,0.1028,0.0499,0.0625,0.0810,0.2685,0.0340,0.8435,0.5797,-0.0156,0.0686,0.2962,0.0342,0.0312,0.0786,0.0705,0.0950,0.0513,0.0655
0.0803,0.4218,0.0653,0.0922,0.0340,0.1094,0.0654,0.2605,0.0811,0.5454,0.5982,-0.1279,0.1435,0.2107,0.0644,0.0821,0.0544,0.0468,0.0487,0.0937,0.0965
0.0747,0.2152,0.0654,0.1250,0.0488,0.0620,0.1026,0.1562,0.0342,0.5841,0.6139,-0.0342,0.0997,0.2501,0.0496,0.1093,0.0341,0.0469,0.0844,0.0963,0.0967
0.0800,0.3739,0.0810,0.1706,0.0520,0.0156,0.1179,0.1250,0.0653,0.4227,0.4576,-0.0810,0.1123,0.3258,0.0497,0.0312,0.0968,0.0312,0.1335,0.0625,0.0497
0.0655,0.2866,0.0653,0.1718,0.0495,0.0224,0.1479,0.1718,0.0955,0.5237,0.6596,-0.0799,0.1455,0.7161,0.1113,0.0469,0.0498,0.1259,0.0655,0.0937,0.0809
0.0343,0.4214,0.0654,0.1853,0.0811,0.0469,0.0498,0.5424,0.0498,0.5456,0.5036,-0.1113,0.1768,0.2311,0.0498,0.0625,0.0956,0.0312,0.0498,0.0625,0.0967
0.0654,0.2575,0.0343,0.1093,0.0966,0.0469,0.0880,0.0638,0.0966,0.5257,0.6379,-0.1207,0.1549,0.3467,0.0341,0.0937,0.0312,0.0500,0.0786,0.1029,0.0818
0.0599,0.2232,0.0655,0.1250,0.0809,0.0538,0.1322,0.1406,0.1122,0.8681,0.4471,-0.1190,0.1533,0.2499,0.0653,0.0966,0.0537,0.0625,0.0498,0.0781,0.0497
0.1123,0.2597,0.0497,0.1250,0.0342,0.0469,0.1093,0.4489,0.0497,0.4364,0.4265,-0.0343,0.1624,0.2028,0.1072,0.0469,0.0312,0.1123,0.0810,0.0781,0.0808
0.0810,0.2966,0.0322,0.0626,0.0707,0.0625,0.0966,0.1406,0.0340,0.4573,0.4537,-0.0655,0.1308,0.2771,0.0656,0.0156,0.0809,0.0469,0.0498,0.0625,0.1016
0.1030,0.1854,0.0654,0.1094,0.0497,0.0781,0.0653,0.3055,0.0966,0.8910,0.5671,-0.0655,0.1777,0.2031,0.0657,0.0385,0.0966,0.0312,0.0810,0.0625,0.0654
0.0810,0.3951,0.0967,0.0625,0.0810,0.0312,0.0925,0.1533,0.0342,0.2656,0.7066,-0.0344,0.0989,0.3437,0.0765,0.0333,0.1436,0.0937,0.0654,0.3345,0.0624
0.0341,1.6258,0.0829,0.0781,0.0812,0.0781,0.1122,0.1490,0.0653,0.3804,0.3859,-0.0499,0.0995,0.6051,0.0777,0.0490,0.1042,0.0312,0.0654,0.0937,0.0956
0.0731,0.2202,0.1435,0.0312,0.1026,0.0312,0.1279,0.1562,0.0653,0.3407,1.0573,-0.1321,0.2131,0.3499,0.0656,0.0781,0.1208,0.0312,0.0341,0.0625,0.1294
0.0913,0.6255,0.0965,0.1093,0.0653,0.0468,0.1395,0.1718,0.0809,1.1381,0.5983,-0.1748,0.2090,0.3082,0.0810,0.0469,0.0653,0.0469,0.0930,0.0951,0.0502
0.0867,0.5299,0.0655,0.0625,0.0810,0.0625,0.0811,0.2897,0.0809,0.2187,0.4750,-0.1592,0.2090,0.6492,0.0654,0.8111,0.1097,0.0316,0.1179,0.0625,0.0809
0.0671,0.4988,0.0811,0.0781,0.1279,0.0312,0.0497,0.1325,0.0654,0.3749,0.7534,-0.1124,0.2089,0.2031,0.0497,0.0467,0.0914,0.0625,0.1280,0.0781,0.1122
0.0341,0.2468,0.0656,0.0312,0.0968,0.0469,0.1122,0.1958,0.0342,1.2512,0.5191,-0.1904,0.2559,0.5571,0.0653,0.0316,0.1123,0.0625,0.0496,0.0781,0.0656
0.0497,0.3113,0.0655,0.1094,0.0342,0.0625,0.1122,0.1637,0.0812,0.6391,0.7699,-0.0964,0.1297,0.2031,0.1123,0.0313,0.0497,0.1012,0.0655,0.0937,0.1122
0.1105,0.2845,0.0655,0.1094,0.0761,0.1094,0.0653,0.1875,0.0498,2.2168,0.4092,-0.0499,0.1579,0.1649,0.0499,0.0781,0.0654,0.0469,0.0655,0.0778,0.0317
0.0653,0.6890,0.1280,0.0469,0.0497,0.0312,0.0968,0.1323,0.0497,0.3648,0.6808,-0.1095,0.1498,0.2655,0.0815,0.0836,0.0341,0.1250,0.0342,0.0312,0.0332
0.4723,0.0781,0.0653,0.1990,0.0332,0.0468,0.0965,0.1875,0.0655,0.4156,0.4733,-0.0498,0.0831,0.2768,0.0497,0.0937,0.0653,0.0781,0.0340,0.0469,0.0935
0.1936,0.0781,0.0966,0.0937,0.0917,0.0312,0.1344,0.1562,0.0810,0.5024,0.6144,-0.0498,0.0808,0.2125,0.0811,0.0469,0.1279,0.0469,0.0801,0.0625,0.0968
0.0812,0.2527,0.0812,0.0781,0.0658,0.0625,0.1016,0.1250,0.0343,0.4652,0.5677,-0.1122,0.1278,0.3052,0.0394,0.0836,0.0341,0.0937,0.0654,0.0625,0.0654
0.0825,0.1562,0.1122,0.0781,0.0808,0.0312,0.1099,0.1725,0.0340,0.5093,0.6157,-0.1122,0.1934,0.2751,0.0657,0.3121,0.0485,0.0781,0.0966,0.0625,0.0966
0.0928,0.2526,0.0499,0.1562,0.0953,0.0794,0.0653,0.2968,0.0915,0.6078,0.4562,-0.0969,0.1623,0.2187,0.0342,0.1304,0.0977,0.0510,0.1023,0.0469,0.0967
0.0485,0.1912,0.0643,0.2183,0.0454,0.0937,0.0965,0.2965,0.1110,1.8901,0.6296,-0.0343,0.0974,0.2343,0.0499,0.0937,0.1520,0.0781,0.0496,0.0625,0.0654
0.0809,0.2237,0.0809,0.1250,0.0967,0.1341,0.0498,0.2187,0.0496,0.6026,0.3996,-0.0499,0.0839,0.2872,0.1123,0.0312,0.0810,0.0312,0.0776,0.1055,0.0499
0.0966,0.2187,0.0341,0.0625,0.0769,0.0959,0.0469,0.3155,0.0579,0.4082,0.4687,-0.0657,0.1467,0.1830,0.0498,0.1249,0.0969,0.0937,0.0739,0.0937,0.0966
0.0956,0.5455,0.0958,0.0469,0.0625,0.0811,0.0957,0.1562,0.0929,0.2826,0.4692,-0.0344,0.0685,0.2498,0.0614,0.0469,0.1278,0.0781,0.0496,0.0312,0.0655
0.1436,0.1393,0.0801,0.1718,0.0655,0.1404,0.0624,0.3905,0.0497,0.4229,0.8814,-0.0657,0.1468,0.4268,0.0644,0.0937,0.0501,0.0781,0.0590,0.1215,0.0965
0.0829,0.2343,0.0967,0.0625,0.1108,0.0781,0.0499,0.2343,0.0934,0.9313,0.3797,-0.0343,0.0996,0.2024,0.0609,0.0625,0.0656,0.1250,0.0342,0.0625,0.0657
0.1247,0.5018,0.1163,0.1250,0.0341,0.1304,0.0966,0.2195,0.0498,1.4863,0.7535,-0.0342,0.0685,0.2769,0.0965,0.0312,0.1022,0.0781,0.0340,0.1101,0.0352
0.0654,0.1550,0.0809,0.1250,0.0654,0.1250,0.0751,0.2686,0.0966,0.4155,0.4566,-0.0332,0.0674,0.2654,0.0312,0.0469,0.0966,0.0469,0.0498,0.0625,0.0814
0.0811,0.1657,0.0809,0.1562,0.0341,0.0787,0.0703,0.2702,0.0341,0.3829,0.4579,-0.0499,0.1154,0.2656,0.0342,0.0469,0.0906,0.0468,0.0654,0.0781,0.0811
0.0653,0.6332,0.0639,0.1730,0.0344,0.1304,0.0955,0.1310,0.0653,0.4363,0.4093,-0.0344,0.0684,0.2032,0.0810,0.0313,0.0809,0.0937,0.0341,0.1175,0.0654
0.0653,0.6255,0.0656,0.1094,0.0657,0.3547,0.0499,0.2343,0.0497,0.5582,0.5361,-0.0658,0.1413,0.1358,0.0488,0.0937,0.0655,0.0937,0.0641,0.0628,0.0726
0.0967,0.6548,0.0343,0.1454,0.0811,0.0523,0.0653,0.1562,0.0340,0.4335,0.4453,-0.0847,0.1189,0.1929,0.0965,0.0469,0.0343,0.0593,0.0810,0.0937,0.0653
0.1434,0.2312,0.1279,0.1093,0.0487,0.1094,0.0653,0.1409,0.1490,0.5648,0.4414,-0.0802,0.1924,0.2185,0.0301,0.0469,0.0653,0.0781,0.0799,0.1250,0.0809
0.0499,0.3892,0.0801,0.0937,0.0655,0.0781,0.0965,0.2429,0.1434,0.2029,0.5176,-0.0811,0.1284,0.2055,0.0810,0.0625,0.1434,0.0220,0.0514,0.0776,0.0852
0.0653,0.1560,0.0791,0.1093,0.0498,0.0469,0.1278,0.1247,0.0591,0.2343,0.5171,-0.0500,0.1492,0.2119,0.0781,0.0499,0.0657,0.0468,0.0655,0.0625,0.1164
0.0625,0.2673,0.0654,0.0937,0.0343,0.1364,0.0497,0.2710,0.0342,0.2550,0.5337,-0.0781,0.1467,0.1094,0.0653,0.1258,0.0554,0.0469,0.0967,0.0625,0.0653
0.1122,0.2956,0.0496,0.1718,0.0332,0.0623,0.1508,0.1718,0.0809,0.2816,0.5329,-0.0469,0.1146,0.2187,0.0491,0.0880,0.0690,0.0625,0.0810,0.0937,0.0811
0.0499,0.2799,0.1123,0.0312,0.0967,0.0313,0.0778,0.3398,0.0809,0.2645,0.6920,-0.0654,0.0998,0.2915,0.0811,0.1093,0.1121,0.0469,0.0654,0.1023,0.0967
0.0499,0.2343,0.0341,0.0934,0.0304,0.0803,0.0966,1.1670,0.0496,0.4832,0.4109,-0.0343,0.0499,0.3257,0.1604,0.0781,0.0654,0.0781,0.0656,0.0625,0.0882
0.0653,0.1719,0.0800,0.1875,0.0655,0.0689,0.0700,0.1094,0.0810,0.9948,0.4370,-0.0312,0.1000,0.2656,0.0891,0.0625,0.0813,0.0469,0.1122,0.0625,0.1278
0.0498,0.7336,0.0654,0.1250,0.0341,0.0984,0.0724,0.2052,0.0499,0.1875,2.6811,-0.0343,0.0655,0.0383,0.0342,0.0312,0.0786,0.1166,0.0341,0.1148,0.0654
0.0977,1.0150,0.0527,0.0781,0.0654,0.1406,0.0342,0.8214,0.1279,0.3424,0.5672,-0.1141,0.1483,1.2792,0.0810,0.6236,0.0810,0.0469,0.0498,0.0781,0.0810
0.1269,0.3604,0.0654,0.0781,0.0967,0.3104,0.0645,0.3702,0.0498,0.2187,0.9407,-0.0341,0.0683,0.5416,0.0497,0.0625,0.0937,0.0625,0.0968,0.2031,0.0966
0.1279,0.2695,0.0342,0.1250,0.0497,0.0780,0.0544,0.2031,0.0811,0.1718,0.6265,-0.1550,0.1894,0.4269,0.0868,1.5488,0.0956,0.0312,0.0779,0.0864,0.1113
0.1278,0.2343,0.0463,0.1338,0.0654,0.0781,0.1279,0.2519,0.0655,0.2499,0.7034,-0.1111,0.1455,0.1875,0.0653,0.0937,0.0497,0.0543,0.0861,0.0781,0.1122
0.0966,0.1718,0.0497,0.1093,0.1081,0.0937,0.0626,0.3474,0.0798,0.2499,0.5515,-0.0798,0.1117,0.3949,0.0479,0.1277,0.0622,0.0311,0.0792,0.0941,0.0780
0.0947,0.3312,0.0468,0.1755,0.0479,0.0479,0.1110,0.1416,0.0770,0.5519,0.6656,-0.0319,0.0638,0.2779,0.0302,0.0322,0.0950,0.0614,0.0628,0.1259,0.0792
0.1241,0.2693,0.0319,0.1586,0.0634,0.0319,0.1100,0.1576,0.0479,0.2525,0.5859,-0.0480,0.0780,0.2818,0.1277,0.0319,0.0319,0.0319,0.0780,0.0932,0.0798
0.0320,0.1588,0.0319,0.1261,0.1116,0.0323,0.0780,0.1589,0.0788,0.2209,0.5652,-0.0618,0.1239,0.1596,0.0778,0.0319,0.1277,0.0780,0.0479,0.0798,0.0319
0.0921,0.1576,0.0479,0.1559,0.0945,0.0957,0.0638,0.2538,0.0789,0.1897,0.6948,-0.0319,0.0960,0.1728,0.0932,0.0319,0.1100,0.0479,0.0791,0.1402,0.0479
0.0798,0.1240,0.0780,0.1558,0.0479,0.1259,0.1418,0.1596,0.0778,0.2234,0.5390,-0.0630,0.0792,0.2813,0.0319,0.1071,0.0947,0.0302,0.0319,0.0941,0.0940
0.0788,0.1558,0.1259,0.1416,0.0322,0.1409,0.0479,0.1895,0.0319,0.3953,0.6948,-0.0788,0.1267,0.2374,0.0299,0.1560,0.0319,0.0469,0.0928,0.0938,0.0793
0.1100,0.1556,0.1097,0.2396,0.0918,0.0798,0.1117,0.1418,0.0319,0.8855,0.3805,-0.1097,0.1576,0.1576,0.0781,0.1257,0.0778,0.0479,0.0479,0.1117,0.0957
0.0319,0.1561,0.0319,0.1436,0.0479,0.0782,0.0638,0.2074,0.0311,0.2206,0.5687,-0.0768,0.1087,0.2369,0.0613,0.1394,0.0782,0.0621,0.0798,0.1398,0.0947
0.0461,0.3473,0.0780,0.0788,0.0468,0.1117,0.0937,0.2874,0.0790,0.1726,0.6505,-0.0957,0.1596,0.1418,0.0319,0.1091,0.0640,0.0309,0.0930,0.0781,0.0790
0.0802,0.1566,0.0768,1.4544,0.0618,0.0608,0.0792,0.3313,0.0319,0.3642,1.1225,-0.1259,0.1898,0.2357,0.0632,0.0319,0.0791,0.1097,0.0319,0.0932,0.0788
0.0631,0.1270,0.1409,0.1080,0.0479,0.0781,0.0638,0.1738,0.0771,0.2851,0.4451,-0.1596,0.2075,0.2370,0.0769,0.1238,0.0631,0.1277,0.0319,0.1548,0.0312
0.0638,0.2161,0.0638,0.2234,0.0778,0.1118,0.0319,0.3496,0.0309,0.2214,0.7423,-0.0774,0.1384,0.1589,0.0479,0.1258,0.0319,0.0940,0.0764,0.1257,0.0319
0.0487,0.1404,0.0656,0.1250,0.0343,0.0992,0.0497,0.6601,0.0961,0.5145,0.4249,-0.1438,0.2232,0.1264,0.0966,0.0312,0.0498,0.0937,0.0781,0.0687,0.0625
0.0809,0.3582,0.0653,0.0937,0.0343,0.0785,0.0856,0.4131,0.0343,0.2129,0.6138,-0.0967,0.1309,0.3124,0.0768,0.0312,0.0656,0.1093,0.0653,0.0625,0.0810
0.0653,0.1094,0.1108,0.0944,0.0809,0.0312,0.0786,0.1956,0.0308,0.2589,0.6542,-0.0655,0.0996,0.2146,0.0488,0.0625,0.1436,0.0312,0.0497,0.0711,0.1092
0.0966,0.1850,0.0781,0.1582,0.0487,0.0469,0.0908,0.2673,0.0497,0.1974,0.7074,-0.0340,0.0841,0.2499,0.0415,0.0312,0.0861,0.0781,0.0809,0.0937,0.0810
0.0340,0.1250,0.0498,0.1250,0.0812,0.0781,0.1230,0.0937,0.0810,0.1875,0.6888,-0.1015,0.1171,0.3157,0.0341,0.0781,0.0715,0.0312,0.0654,0.1094,0.0499
0.1278,0.1823,0.0654,0.1562,0.0488,0.0312,0.1113,0.2804,0.0654,0.1875,0.5004,-0.0488,0.0987,0.1791,0.0799,0.0312,0.0810,0.0937,0.0807,0.0413,0.0541
0.0810,0.1446,0.0653,0.1460,0.0809,0.0781,0.1491,0.1875,0.0498,0.3184,0.4916,-0.0535,0.0888,0.4764,0.0499,0.0937,0.0497,0.1093,0.0342,0.1490,0.0341
0.0810,0.1250,0.1123,0.0741,0.0799,0.0469,0.1216,0.1249,0.0490,0.1886,0.5670,-0.0341,0.0653,0.2366,0.0488,0.0469,0.1071,0.1094,0.0810,0.1094,0.1121
0.0653,0.2031,0.0653,0.1532,0.0810,0.0469,0.0812,0.1718,0.0728,0.3171,0.4842,-0.0966,0.1308,0.2238,0.0563,0.0625,0.0966,0.0625,0.0156,0.0967,0.0810
0.0811,0.1875,0.0343,0.1624,0.0344,0.0781,0.0965,0.1406,0.0547,0.1585,0.4548,-0.0959,0.1490,0.1773,0.0809,0.0312,0.0913,0.0781,0.0340,0.1562,0.0341
0.0498,0.2031,0.0340,0.1406,0.1551,-0.0342,0.0684,0.1250,0.0469,0.2291,0.5350,-0.0976,0.1655,0.2187,0.0653,0.0625,0.0655,0.0820,0.0833,0.0317,0.0371
0.0653,0.6863,0.0809,0.2332,0.0498,0.0781,0.0653,0.1093,0.0615,0.2354,0.5920,-0.1737,0.2070,0.2164,0.0342,0.0781,0.1122,0.0312,0.0331,0.0937,0.0779
0.1126,0.1148,0.0955,0.1562,0.0645,0.1653,0.0342,0.2086,0.0497,0.2394,0.6146,-0.0810,0.1152,0.2241,0.0809,0.0649,0.1123,0.0625,0.0655,0.1406,0.0935
0.0343,0.4859,0.0342,0.0469,0.0801,0.0781,0.0498,0.1968,0.0813,0.1562,0.7521,-0.1134,0.1322,0.2248,0.0965,0.0791,0.0190,0.0656,0.0542,0.1406,0.0653
0.0654,0.1093,0.0934,0.1085,0.0809,0.0469,0.1518,0.1430,0.0308,0.1936,0.6235,-0.0341,0.1309,0.5269,0.0499,0.0769,0.0785,0.1028,0.0497,0.1094,0.1278
0.0811,0.1602,0.0499,0.1562,0.0497,0.0313,0.0967,0.2116,0.0341,0.2554,0.6536,-0.0666,0.0992,0.2245,0.0343,0.0469,0.0969,0.0779,0.0671,0.1094,0.0810
0.0645,0.1714,0.0313,0.1905,0.0655,0.0781,0.0811,0.1947,0.0341,0.5457,0.5365,-0.1124,0.2249,0.1718,0.0497,0.1052,0.0645,0.0312,0.0156,0.1270,0.0499
0.1123,0.1406,0.0965,0.1356,0.0809,0.0625,0.1123,0.1718,0.0764,0.0951,0.6725,-0.0809,0.1152,0.2614,0.0655,0.2968,0.0969,0.1250,0.0341,0.1250,0.0965
0.0497,0.4195,0.0809,0.1562,0.0459,0.0988,0.0967,0.1562,0.1121,0.2096,0.5513,-0.1278,0.1621,0.1773,0.0653,0.0312,0.1180,0.0480,0.0469,0.1124,0.1124
0.1279,0.3873,0.0654,0.2031,0.0968,0.2926,0.0498,0.2031,0.0642,0.4861,0.4518,-0.0810,0.1153,0.3591,0.0656,0.0469,0.0497,0.0854,0.0938,0.1093,0.0654
0.4723,-0.0644,0.1453,0.1406,0.0622,0.0597,0.0341,0.1773,0.0342,0.2398,0.5032,-0.0496,0.1137,0.2041,0.0342,0.0312,0.0967,0.0469,0.0877,0.1111,0.0966
0.5671,-0.0342,0.0840,0.4164,0.0643,0.0781,0.0654,0.6062,0.0654,1.8955,0.5021,-0.0810,0.1309,0.6988,0.1434,-0.0341,0.0798,0.0469,0.1112,0.0312,0.0810
0.0656,0.2343,0.1100,0.0937,0.0497,0.0937,0.0342,0.2897,0.0312,0.5172,0.4736,-0.0345,0.0846,0.2196,0.0956,0.0312,0.0331,0.0833,0.0655,0.0781,0.0653
0.1122,0.0937,0.0497,0.1250,0.0586,0.1138,0.0341,0.8066,0.0961,0.2961,0.4254,-0.1113,0.1759,0.1874,0.0344,0.1039,0.0498,0.0625,0.0498,0.0937,0.0966
0.0340,0.1383,0.0811,0.1093,0.0341,0.0469,0.0809,0.2542,0.0332,0.3188,0.5118,-0.1123,0.1433,0.2594,0.0967,0.0312,0.0644,0.0778,0.0347,0.1282,0.0968
0.0833,0.1250,0.0965,0.1093,0.0497,0.0625,0.1526,0.0625,0.0654,0.2187,0.5296,-0.0658,0.1003,0.2499,0.0345,0.1093,0.0653,0.0469,0.0708,0.3607,0.0965
0.1123,0.2488,0.0967,0.1718,0.0654,0.0625,0.0473,0.2297,0.0341,0.1929,0.4496,-0.0501,0.0834,0.6056,0.0497,0.0759,0.0809,0.0781,0.0341,0.0992,0.0809
0.0966,0.2343,0.0341,0.1302,0.0716,0.0469,0.0809,0.1562,0.0497,0.1823,0.5862,-0.1488,0.2143,0.2187,0.0341,0.1120,0.0851,0.0625,0.0340,0.1875,0.0645
0.1112,0.3903,0.0653,0.0937,0.0500,0.0468,0.1124,0.1646,0.0497,0.1774,0.6568,-0.0866,0.1208,0.2558,0.0809,0.1094,0.0498,0.0469,0.1394,0.0469,0.0966
0.0809,0.1718,0.0968,0.1208,0.0498,0.0469,0.1280,0.5582,0.0655,0.2330,0.5669,-0.0982,0.1325,0.3171,0.0963,0.0345,0.0341,0.0469,0.0654,0.1718,0.0342
0.0501,0.2812,0.0638,0.1406,0.0653,0.0469,0.1510,0.2199,0.0653,0.1562,0.7671,-0.0808,0.1180,0.1774,0.0656,0.0625,0.1414,0.0469,0.0342,0.0312,0.0656
0.0653,0.1875,0.0654,0.1678,0.0653,0.0781,0.0653,0.1875,0.0465,0.1727,0.5927,-0.0654,0.0996,0.2770,0.0654,0.0937,0.0654,0.0781,0.0497,0.1559,0.0742
0.0612,0.1906,0.0497,0.1718,0.0625,0.0738,0.0810,0.3747,0.0459,0.1906,0.7668,-0.0496,0.0839,0.4115,0.0967,0.0821,0.0801,0.0937,0.0966,0.0469,0.0497
0.0802,0.4423,0.0799,0.1091,0.0795,0.0469,0.1121,0.3544,0.0499,0.1875,0.7484,-0.0624,0.1611,0.2031,0.0810,0.0324,0.0655,0.0852,0.0497,0.0937,0.0653
0.1122,0.1250,0.0341,0.1689,0.0965,0.0625,0.0655,0.1879,0.1068,0.1718,0.5170,-0.1121,0.1776,0.2615,0.0653,0.0625,0.0811,0.0469,0.1121,0.0781,0.0307
0.0466,0.5972,0.0810,0.1875,0.1434,0.0466,0.0421,0.3936,0.0496,0.1935,1.1418,-0.0342,0.0498,0.1961,0.0332,0.0768,0.1435,0.0937,0.0811,0.0625,0.0655
0.0497,0.1585,0.0646,0.1718,0.1900,0.0589,0.0366,0.1909,0.0332,0.2185,1.3288,-0.0967,0.1123,0.1282,0.1472,0.0355,0.0643,0.0690,0.0809,0.0781,0.1112
0.0497,0.3405,0.0810,0.1406,0.1122,0.0312,0.0496,0.1495,0.0497,1.7680,0.4413,-0.0497,0.0829,0.2655,0.0457,0.1093,0.0342,0.0312,0.1207,0.0781,0.0965
0.0809,0.1730,0.0645,0.1718,0.0653,0.1093,0.0906,0.2031,0.0497,0.4987,0.3795,-0.0829,0.1797,0.1718,0.0653,0.1090,0.0264,0.1271,0.0810,0.0469,0.0497
0.0365,0.2812,0.0655,0.1093,0.1070,0.0625,0.1280,0.1562,0.0496,0.6352,0.4559,-0.1122,0.1766,0.2818,0.0498,0.1093,0.0310,0.1174,0.0655,0.0781,0.0498
0.0645,0.2187,0.0653,0.1374,0.0656,0.0938,0.0498,0.3393,0.0812,0.2656,0.7576,-0.0498,0.0840,0.2656,0.0963,0.0345,0.0341,0.0781,0.0497,0.1094,0.0497
0.0625,0.2204,0.0654,0.1093,0.0809,0.0469,0.1280,0.1793,0.0957,0.2095,0.4648,-0.1122,0.1466,0.1988,0.0498,0.0469,0.0966,0.1093,0.0802,0.1501,0.0335
0.0625,0.7515,0.0343,0.1540,0.0810,0.0312,0.0644,0.0937,0.0653,0.2440,0.5200,-0.0674,0.1475,0.1718,0.0809,0.0469,0.0811,0.1004,0.0487,0.0937,0.0469
0.0342,0.2187,0.0916,0.0625,0.0644,0.0469,0.1279,0.1718,0.0769,0.1576,0.5782,-0.0810,0.1464,0.1562,0.0916,0.0312,0.0654,0.1875,0.0655,0.1559,0.0751
0.0652,0.2687,0.0966,0.0781,0.1030,0.0312,0.1207,0.1562,0.0497,0.3000,0.8501,-0.0341,0.0839,0.1230,0.0346,0.0626,0.0864,0.0937,0.0497,0.0625,0.1113
0.0966,0.1406,0.0656,0.1571,0.0625,0.1124,0.0655,0.1614,0.0500,0.2343,0.4701,-0.1122,0.1466,0.2770,0.0653,0.0313,0.0857,0.0937,0.0341,0.1148,0.0962
0.0966,0.3873,0.0813,0.1562,0.0312,0.0966,0.0965,0.2004,0.0497,0.2187,0.5597,-0.0497,0.0840,0.6849,0.0497,0.1562,0.1124,0.0625,0.0600,0.0317,0.0510
0.1271,0.2401,0.0343,0.2187,0.0341,0.0678,0.0852,0.1250,0.0653,2.9985,0.6579,-0.0156,0.0843,0.1617,0.0156,0.0514,0.1122,0.1250,0.0653,0.0625,0.0496
0.0801,0.3757,0.0956,0.0937,0.0653,0.1250,0.1393,0.3749,0.0500,0.2457,0.4421,-0.1123,0.1465,0.2656,0.0341,0.0469,0.1209,0.0469,0.0340,0.0469,0.1122
0.0497,0.3390,0.0832,0.1718,0.0810,0.0153,0.1367,0.0937,0.0967,2.1419,0.5828,-0.0343,0.0997,0.1665,0.0497,0.0312,0.0809,0.0625,0.0653,0.1093,0.1233
0.0500,0.3437,0.0310,0.1965,0.0500,0.0625,0.0811,0.1717,0.0655,0.3124,0.3921,-0.0655,0.0995,0.2760,0.0332,0.0312,0.0809,0.0781,0.0498,0.0781,0.0655
0.0653,0.2388,0.0644,0.1718,0.0488,0.0781,0.0810,0.2449,0.0966,0.1406,0.4236,-0.0342,0.0995,0.2302,0.0653,0.0781,0.0654,0.0469,0.0497,0.1337,0.0502
0.0966,0.6550,0.0788,0.1823,0.0645,0.0781,0.0809,0.1567,0.0333,0.2218,0.5323,-0.0655,0.1465,0.0937,0.0650,0.0557,0.0966,0.0781,0.0653,0.0937,0.0966
1.2093,-0.0342,0.0829,1.7333,0.0674,0.0312,0.0625,0.3156,0.0732,0.3437,0.5045,-0.0809,0.0966,0.2332,0.1122,0.0313,0.0499,0.0781,0.1114,0.1091,0.0772
0.1032,0.1562,0.1268,0.1250,0.0881,0.0312,0.0810,0.2968,0.0739,0.1523,0.5557,-0.0970,0.1311,0.1562,0.0312,0.0810,0.0742,0.0469,0.0810,0.0625,0.0498
0.0827,0.2499,0.0655,0.1822,0.0810,0.0312,0.0341,0.9038,0.0497,0.0937,0.6423,-0.0342,0.0498,0.2164,0.0498,0.0469,0.0653,0.0937,0.0497,0.1094,0.0340
0.0644,0.1094,0.0566,0.1406,0.0497,0.4957,0.0653,0.1406,0.0656,0.2301,0.4628,-0.1191,0.1533,0.3023,0.0654,0.1428,0.0342,0.1250,0.0653,0.1871,0.1032
0.0653,0.3582,0.0811,0.1406,0.0653,0.0310,0.1189,0.1406,0.0810,0.1562,0.5828,-0.0303,0.0801,0.2499,0.1122,0.0781,0.0426,0.0314,0.0977,0.0937,0.0644
0.1278,0.3561,0.0809,0.1093,0.0469,0.0615,0.0852,0.1875,0.0342,0.2083,0.5047,-0.1123,0.1432,0.2126,0.0653,0.0469,0.1124,0.0781,0.0997,0.3593,0.0654
0.1173,0.7954,0.0653,0.1238,0.0341,0.0937,0.0965,0.0937,0.1279,0.1535,0.5150,-0.0343,0.0683,0.1874,0.0497,0.0468,0.1124,0.0213,0.1018,0.0469,0.0644
0.0493,0.5213,0.0587,0.0832,0.1125,0.0312,0.0343,0.1875,0.0363,0.2216,0.5953,-0.0810,0.1152,0.2029,0.0301,0.0626,0.0710,0.0312,0.0829,0.1406,0.0343
0.0809,0.3161,0.0966,0.0991,0.0497,0.0622,0.0719,0.2968,0.0653,0.1678,0.4405,-0.0656,0.1452,0.2812,0.0344,0.0469,0.0811,0.0395,0.1012,0.1250,0.0809
0.0654,0.2343,0.0341,0.1823,0.0969,0.0469,0.1436,0.0937,0.0341,0.1958,0.6304,-0.0500,0.0842,0.2086,0.0499,0.0644,0.0705,0.1718,0.1123,0.0312,0.0971
0.0656,0.1718,0.0616,0.1504,0.0643,0.0781,0.0469,0.2722,0.0342,0.5465,0.7387,-0.0653,0.0996,0.2135,0.0655,0.1093,0.0655,0.0312,0.1123,0.0312,0.0713
0.0753,0.1671,0.0497,0.1875,0.0653,0.0312,0.1023,0.3645,0.0497,0.1718,0.6254,-0.0498,0.0840,0.1774,0.0497,0.0469,0.1122,0.1458,0.0810,0.1250,0.0809
0.0811,0.2643,0.0655,0.1718,0.0496,0.0781,0.0341,0.1531,0.0811,0.2812,0.7693,-0.0343,0.0998,0.2652,0.0240,0.1406,0.0653,0.1093,0.0653,0.1245,0.0746
0.0655,0.6860,0.0497,0.0937,0.0622,0.1020,0.0341,2.5245,0.0673,0.2031,0.8126,-0.0486,0.1187,0.2499,0.0342,0.0313,0.0342,0.1929,0.1279,0.1250,0.0498
0.0497,0.3268,0.1279,0.0937,0.0341,0.0786,0.0551,0.1742,0.0342,0.1718,0.4241,-0.0655,0.0996,0.2187,0.0497,0.0390,0.0993,0.0312,0.0654,0.0625,0.0654
0.0653,0.1406,0.0809,0.1632,0.0655,0.0312,0.1905,0.0781,0.0342,0.3397,0.3606,-0.0498,0.0996,0.2031,0.0645,0.1023,0.0656,0.0312,0.0654,0.1406,0.0341
0.0965,0.1718,0.0497,0.5217,0.1110,0.0625,0.0497,0.1718,0.0811,0.1404,0.5617,-0.0347,0.1161,0.1895,0.0656,0.0781,0.0806,0.0351,0.0654,0.0625,0.0654
0.0788,0.2419,0.0341,0.1406,0.1017,0.1404,0.0341,0.1562,0.0497,0.1680,0.3780,-0.0343,0.0684,0.2613,0.0342,0.1093,0.0497,0.0781,0.0497,0.1523,0.0343
0.0615,0.1971,0.0497,0.1250,0.0967,0.0469,0.1012,0.1094,0.0342,0.2398,0.5435,-0.0342,0.1066,0.5642,0.0959,0.0312,0.0785,0.0698,0.0486,0.4118,0.0645
0.1447,0.2656,0.0810,0.1030,0.0653,0.1094,0.0497,0.1773,0.0811,0.2729,0.5785,-0.0811,0.1457,0.1673,0.0499,0.0937,0.0498,0.0469,0.1122,0.0469,0.1122
0.0343,0.2497,0.0655,0.1718,0.0341,0.0781,0.0497,0.1638,0.0501,0.2968,0.4713,-0.0656,0.0997,0.1666,0.0655,0.0781,0.1436,0.0625,0.0497,0.0781,0.0586
0.0968,0.1718,0.0497,0.2146,0.0342,0.0781,0.1435,0.0312,0.1122,1.5742,0.8060,-0.0341,0.0497,0.2115,0.0342,0.0771,0.1219,0.0312,0.0644,0.1093,0.0967
0.1279,0.1862,0.0655,0.1562,0.0496,0.0629,0.1009,0.4413,0.0498,1.5488,0.2545,-0.0653,0.0809,0.2375,0.0487,0.0625,0.0895,0.0469,0.0810,0.1250,0.0342
0.0497,0.3550,0.0643,0.0690,0.0656,0.0937,0.0965,0.1592,0.0342,0.4675,0.4247,-0.1123,0.1778,0.1040,0.0653,0.0469,0.0969,0.2458,0.1280,0.0937,0.0809
0.0809,0.2965,0.0479,0.1740,0.0811,0.0625,0.0965,0.1304,0.0810,0.2968,0.4092,-0.0343,0.0684,0.1823,0.0341,0.0937,0.0498,0.1093,0.0653,0.0937,0.0868
0.0497,0.1718,0.0812,0.1678,0.0654,0.0625,0.0976,0.1562,0.0653,0.2456,0.4544,-0.0500,0.0997,0.2078,0.0799,0.0975,0.1278,0.0312,0.0811,0.1562,0.0965
0.0469,0.2373,0.0469,0.4205,0.1113,0.1091,0.0629,0.3048,0.0809,0.6149,0.4271,-0.0499,0.0843,0.2025,0.0656,0.0625,0.1122,0.0469,0.0834,0.0625,0.0654
0.0748,0.2031,0.0966,0.1250,0.1107,0.0312,0.0156,0.1591,0.0331,0.5861,0.3329,-0.0343,0.0996,0.1875,0.0499,0.0855,0.1167,0.0937,0.0653,0.0937,0.0582
0.0810,0.2187,0.0310,0.2427,0.0500,0.1250,0.0341,0.1491,0.0342,0.2187,0.3934,-0.0812,0.1310,0.1617,0.0811,0.0312,0.1141,0.0469,0.0653,0.0781,0.0812
0.0809,0.2590,0.1123,0.0625,0.0653,0.2928,0.0967,0.2499,0.0340,0.2614,0.3624,-0.0968,0.1281,0.3049,0.0499,0.0781,0.1118,0.0494,0.0512,0.0781,0.0342
0.0670,0.2343,0.0331,0.1562,0.0771,0.0312,0.0968,0.1250,0.0498,0.6488,0.7762,-0.0653,0.0809,0.2217,0.0654,0.0656,0.0655,0.0937,0.0657,0.0312,0.0342
0.1278,0.1250,0.0652,0.1254,0.0652,0.0625,0.1425,0.7109,0.0151,0.7384,0.3122,-0.0311,0.0960,0.0937,0.1279,0.0781,0.0341,0.0312,0.0809,0.0384,0.0845
0.0625,0.4391,0.1423,0.0156,0.0498,0.0625,0.1122,0.0781,0.0653,0.5387,0.2870,-0.0344,0.0841,0.2187,0.0497,0.0701,0.0653,0.0312,0.0497,0.0937,0.1122
0.0967,0.2432,0.0643,0.1718,0.0499,0.5279,0.0655,0.2642,0.0781,0.5016,0.4390,-0.0312,0.0999,0.1875,0.0966,0.0542,0.0855,0.0312,0.0653,0.1093,0.0655
0.0654,0.6443,0.0660,0.3322,0.0343,0.1334,0.0341,0.3749,0.0653,0.1466,0.4624,-0.0334,0.0831,0.2221,0.0966,0.0312,0.0653,0.0519,0.0854,0.0469,0.0967
0.0497,0.6395,0.1248,0.7211,0.0644,0.0469,0.0342,0.1999,0.0341,0.1718,0.5172,-0.0497,0.0829,0.2927,0.0344,0.0469,0.1521,0.0469,0.0341,0.0469,0.0654
0.0344,1.2673,0.0654,0.2343,0.0810,1.0276,0.0497,0.9847,0.0653,0.1551,0.8796,-0.0343,0.0685,0.1559,0.0968,0.0469,0.0342,0.0312,0.0653,0.0469,0.0935
0.0499,0.3579,0.0498,0.0937,0.0966,0.1093,0.1395,0.0781,0.0811,0.1406,0.5289,-0.0811,0.0968,0.2486,0.0500,0.0625,0.0968,0.0469,0.0497,0.0781,0.0582
0.0625,0.3456,0.1122,0.8286,0.0654,0.0469,0.1123,0.2503,0.0442,0.2812,0.3767,-0.0499,0.0840,0.4176,0.0496,0.0625,0.1123,0.0312,0.0499,0.1559,0.0276
0.0653,0.6869,0.0517,0.2187,0.0497,0.2027,0.0294,0.4062,0.0499,0.3595,0.5314,-0.1279,0.1935,0.2613,0.0625,0.0813,0.1133,0.0469,0.0342,0.1623,0.0654
0.0488,0.4520,0.0497,0.1718,0.0643,0.0752,0.0966,0.1250,0.0809,0.1875,0.3791,-0.0499,0.1154,0.3800,0.0653,0.0469,0.0966,0.0752,0.0653,0.5299,0.0968
0.0966,0.2019,0.0810,0.3124,0.0811,0.0583,0.1121,0.1875,0.0655,0.2771,0.4734,-0.0987,0.1330,0.3960,0.0700,0.0781,0.0967,0.0312,0.1179,0.3311,0.0799
0.0810,0.4830,0.0966,0.0312,0.0655,0.1250,0.0800,0.5397,0.1140,0.2656,0.3425,-0.0937,0.1466,0.2086,0.0966,0.0662,0.1014,0.0312,0.0340,0.1093,0.0499
0.0653,0.6081,0.0653,0.3113,0.1280,0.0469,0.0966,0.2302,0.0343,0.2085,0.4473,-0.0490,0.0989,0.2187,0.1064,0.0987,0.0653,0.0781,0.0499,0.0625,0.0341
0.0340,0.2255,0.0967,0.3374,0.0809,0.1562,0.0341,0.2303,0.0967,0.1094,0.5640,-0.1434,0.2089,0.2448,0.0497,0.0625,0.1121,0.0937,0.0810,0.0715,0.0356
0.0342,1.1399,0.0496,0.1562,0.0497,0.0781,0.0498,0.1795,0.0188,1.7360,0.7079,-0.0500,0.0989,0.2308,0.0809,0.0312,0.1747,0.0934,0.0305,0.0639,0.1196
0.0496,0.9515,0.0653,0.1718,0.0655,0.0312,0.1023,0.3666,0.0342,0.5401,1.0308,-0.0965,0.1121,0.5208,0.0966,0.0926,0.0968,0.7954,0.0968,0.0465,0.0955
0.0810,0.5769,0.0798,0.1130,0.1267,0.0625,0.0498,0.1809,0.0497,0.1460,0.6202,-0.1268,0.1424,0.2488,0.0341,0.0625,0.0811,0.0625,0.0967,0.5397,0.0654
0.1277,0.5926,0.0810,0.0625,0.1238,0.0156,0.1188,0.1250,0.0809,0.1406,0.5223,-0.1746,0.2558,0.1094,0.0810,0.0781,0.0645,0.0937,0.1024,0.1603,0.0653
0.1122,0.6383,0.0498,0.1394,0.0653,0.0937,0.0809,0.2029,0.0295,0.2086,0.4961,-0.0499,0.0997,0.2499,0.0310,0.1019,0.0655,0.0469,0.0499,0.3116,0.0654
0.0809,0.5457,0.0496,0.0836,0.1123,0.0832,0.0340,0.2031,0.0340,0.6679,0.7561,-0.0340,0.0684,0.2343,0.0810,0.0867,0.1167,0.0312,0.0499,0.0469,0.1281
0.0812,0.3974,0.0811,0.0781,0.0968,0.0894,0.0835,0.1562,0.0156,0.2618,0.5155,-0.0938,0.1611,0.1718,0.0499,0.1305,0.0654,0.0475,0.0514,0.0937,0.1122
0.0518,0.2867,0.0653,0.3022,0.1124,0.0781,0.0653,0.2302,0.0654,0.1875,0.4362,-0.0781,0.1782,0.2141,0.0643,0.1250,0.0341,0.0156,0.1280,0.0313,0.0898
0.0811,0.3746,0.0311,0.1115,0.0799,0.0312,0.0655,0.2031,0.0731,0.4082,0.5307,-0.0654,0.0997,0.2035,0.0656,0.0937,0.0499,0.0469,0.0498,0.0807,0.0696
0.0310,0.6910,0.0653,0.0781,0.0497,0.0625,0.1094,0.1513,0.0335,0.2252,0.3679,-0.0781,0.2091,0.1250,0.1255,0.0312,0.0655,0.0312,0.1122,0.0469,0.0312
0.0809,0.4529,0.0654,0.0781,0.0633,0.0959,0.0968,0.1875,0.0342,1.0388,0.7916,-0.0653,0.0809,0.4945,0.0653,0.0937,0.1279,0.0469,0.0466,0.1202,0.0812
0.0812,0.9668,0.0516,0.0781,0.0966,0.0781,0.0654,0.1559,0.0264,0.3280,0.3934,-0.0811,0.2088,0.1562,0.1244,0.0625,0.0342,0.0312,0.0653,0.0781,0.0802
0.0809,2.0392,0.0654,0.1093,0.0655,0.0888,0.0845,0.1406,0.0344,0.2715,1.3827,-0.0342,0.1154,0.1675,0.0500,0.0937,0.0810,0.0625,0.0654,0.0469,0.1046
0.0654,0.3269,0.0341,0.1305,0.1280,0.0469,0.0468,0.1122,0.0836,1.4693,0.5960,-0.1379,0.1723,0.2187,0.1122,0.0625,0.0498,0.0625,0.0404,0.0625,0.0501
0.0340,2.8021,0.0810,0.0937,0.0653,0.1093,0.0497,0.4182,0.0812,0.2131,0.5672,-0.0499,0.0841,0.2187,0.0497,0.0709,0.1629,0.0625,0.0655,0.0781,0.0809
0.0654,0.4967,0.0966,0.0625,0.0812,0.0312,0.1521,0.1616,0.0965,0.1718,0.4649,-0.1278,0.1933,0.2302,0.0810,0.0625,0.0809,0.0312,0.0500,0.0625,0.0886
0.1568,0.3124,0.0653,0.0897,0.0810,0.0469,0.0966,0.2031,0.0655,0.1179,0.6295,-0.1435,0.1777,0.3696,0.1436,0.2031,0.0964,0.0430,0.0809,0.0312,0.1189
0.0497,0.5185,0.0310,0.1959,0.0497,0.1461,0.0340,0.2130,0.0966,0.2968,0.5070,-0.0969,0.1310,0.3393,0.0811,0.0781,0.1528,0.0469,0.0342,0.2241,0.0340
0.1278,0.6237,0.0810,0.2957,0.0645,0.0474,0.1175,0.1931,0.1592,0.5153,0.5172,-0.0625,0.0969,0.2272,0.0546,0.0625,0.0498,0.0469,0.0966,0.0937,0.0810
0.0966,0.2187,0.0770,0.1502,0.0810,0.2656,0.0535,0.2187,0.0937,1.1420,0.4694,-0.0312,0.1309,0.2456,0.1122,0.0781,0.0643,0.1065,0.0343,0.0469,0.0680
0.0809,0.1917,0.0969,0.5399,0.0497,0.0937,0.0341,0.3553,0.0810,0.1718,0.4545,-0.1590,0.2089,0.2504,0.0341,0.0625,0.0809,0.0625,0.0808,0.0347,0.0653
0.0810,0.4685,0.1280,0.0312,0.0811,0.0781,0.0966,0.1793,0.0469,0.4547,0.4521,-0.0928,0.1298,0.2554,0.0500,0.0468,0.1124,0.0495,0.0514,0.0619,0.1010
0.0625,0.8490,0.0810,0.1406,0.0466,0.0803,0.0967,0.2499,0.0342,0.8828,0.4108,-0.0966,0.1123,0.3053,0.0673,0.0812,0.1093,0.0500,0.0341,0.1093,0.0340
0.0810,0.5924,0.0654,0.0781,0.0811,0.0937,0.0758,0.2989,0.0342,0.2594,0.6764,-0.1593,0.2249,0.6048,0.0652,0.0927,0.0491,1.0478,0.0312,0.0500,0.0800
0.0496,0.1406,0.0966,0.1718,0.0486,0.1162,0.0965,0.1718,0.0653,0.1554,0.7231,-0.0654,0.1152,0.1718,0.0606,0.0304,0.0806,0.1008,0.0343,0.0625,0.0811
0.1279,0.8993,0.0497,0.0937,0.0810,0.0585,0.0843,0.1874,0.0654,0.4161,0.6278,-0.0498,0.0841,0.2290,0.0966,0.0312,0.1280,0.0625,0.0496,0.0778,0.0276
0.0966,0.1718,0.0614,0.1295,0.1122,0.0312,0.0777,0.1799,0.0667,0.2030,0.4403,-0.0812,0.1933,0.1875,0.0758,0.0324,0.1012,0.0625,0.0653,0.0937,0.0502
0.0653,0.5301,0.0499,0.8891,0.0804,0.0974,0.0653,0.1718,0.0497,0.2876,0.4860,-0.0469,0.0980,0.2812,0.0943,0.0483,0.0654,0.0469,0.0340,0.1406,0.0645
0.0340,1.8925,0.0156,0.1126,0.0786,0.1118,0.0654,0.0937,0.0646,0.3661,0.4264,-0.1143,0.1486,0.2343,0.0643,0.0781,0.0430,0.0646,0.0497,0.0625,0.0967
0.0623,0.2111,0.0966,0.0625,0.0332,0.0312,0.0934,0.1764,0.0966,0.3435,0.5201,-0.0983,0.1160,0.3781,0.0334,0.5857,0.0343,0.0625,0.0811,0.0625,0.1279
0.0811,0.7918,0.0656,0.0781,0.0654,0.0625,0.0966,0.3355,0.0809,0.2655,0.6284,-0.1129,0.1472,0.2554,0.0342,0.0625,0.0995,0.0312,0.0653,0.0625,0.0811
0.1591,0.9690,0.0809,0.0625,0.0954,0.1254,0.0341,0.8381,0.0653,0.2867,0.6854,-0.0654,0.1153,0.2336,0.0497,0.0937,0.0342,0.0781,0.0851,0.0469,0.0786
0.0312,0.2530,0.1121,0.1365,0.0810,0.0781,0.0156,0.2369,0.0305,0.2514,0.5623,-0.0497,0.1151,0.3084,0.0469,0.0812,0.1279,0.0312,0.0657,0.0851,0.0655
0.0813,0.2499,0.0657,0.0937,0.0918,0.0937,0.1124,0.1718,0.0341,0.2628,0.5161,-0.0500,0.1154,0.2495,0.0605,0.0468,0.0965,0.0625,0.0332,0.1406,0.0345
0.0965,0.2854,0.0647,0.2499,0.0488,0.1590,0.0341,0.3491,0.0527,0.5622,0.5171,-0.0797,0.1326,0.4789,0.0487,0.1406,0.0497,0.0469,0.0654,0.0781,0.1039
0.1241,0.1875,0.1112,0.0781,0.0500,0.0748,0.1384,0.2499,0.0497,0.2198,0.5983,-0.0655,0.0997,0.3384,0.0343,0.6704,0.0800,0.0625,0.0799,0.1386,0.0966
0.0369,0.3458,0.0343,0.0625,0.1360,0.0781,0.0653,0.3710,0.0497,1.3127,0.5515,-0.0499,0.0841,0.5737,0.0625,0.1485,0.0656,0.0625,0.0340,0.1562,0.0467
0.0497,0.2176,0.0341,0.1148,0.0966,0.0469,0.0816,0.1432,0.0496,0.3124,0.4694,-0.0810,0.1153,0.2301,0.0341,0.0625,0.0811,0.0781,0.0501,0.0625,0.0551
0.1434,0.1265,0.1121,0.0625,0.0499,0.0781,0.0811,0.1636,0.0343,0.3280,0.4527,-0.0625,0.1468,0.7468,0.0341,0.3179,0.0893,0.0631,0.1122,0.0312,0.1022
0.0828,0.6071,0.0965,0.0625,0.0656,0.0781,0.1080,0.1562,0.0340,0.3086,0.3650,-0.1150,0.1638,0.2908,0.0968,0.0781,0.0965,0.0469,0.1415,0.1094,0.0966
0.0793,0.1420,0.0653,0.0937,0.0810,0.3195,0.1436,0.1863,0.0810,0.3280,0.4704,-0.0655,0.0997,0.2602,0.0342,0.0625,0.0498,0.1093,0.0341,0.0937,0.0556
0.1423,0.9234,0.0811,0.1075,0.0853,0.1562,0.0968,0.2721,0.0343,1.2989,0.5027,-0.0344,0.1153,0.1831,0.0810,0.0312,0.0343,0.0469,0.0966,0.0625,0.1213
0.1122,0.1656,0.0497,0.1094,0.0653,0.0625,0.0935,0.1994,0.0343,0.2546,0.5327,-0.0656,0.1725,0.1573,0.0655,0.0937,0.0809,0.0625,0.0726,0.0489,0.0810
0.0839,0.2343,0.0965,0.1845,0.0500,0.0937,0.1279,0.1562,0.1589,0.0938,0.4643,-0.0958,0.1768,0.1875,0.0655,0.1499,0.0341,0.4987,0.0489,0.2031,0.1285
0.0812,0.2965,0.0645,0.1114,0.0809,0.0781,0.0643,0.2420,0.0811,1.4393,0.5328,-0.0798,0.1141,0.2711,0.0498,0.0469,0.0653,0.0631,0.0495,0.0353,0.1022
0.1280,0.2343,0.0497,0.1253,0.0811,0.0469,0.0809,0.2031,0.0559,0.1896,0.7746,-0.0343,0.0685,0.3938,0.0341,0.4192,0.0655,0.0625,0.0810,0.0466,0.1836
0.0622,0.1269,0.0499,0.1406,0.0809,0.0625,0.0886,0.1250,0.0656,0.1875,0.7218,-0.0662,0.1005,0.3023,0.0346,0.8167,0.1121,0.0156,0.1344,0.0779,0.0541
0.2858,0.8101,0.1423,0.1250,0.0500,0.5453,0.0497,0.2503,0.0796,0.8267,0.6110,-0.0157,0.0687,0.2495,0.0497,0.0469,0.0969,0.0469,0.0629,0.0839,0.0966
0.1863,0.0937,0.1121,0.0625,0.0654,0.1284,0.0497,0.1406,0.0810,0.3720,0.5827,-0.1436,0.1779,0.1875,0.0495,0.0858,0.0654,0.0469,0.0629,0.0549,0.1279
0.0967,0.7374,0.0475,0.1340,0.1122,0.1250,0.0498,0.1598,0.0342,0.1875,0.5330,-0.0342,0.0684,0.3238,0.0810,0.0625,0.0654,0.0469,0.0810,0.0712,0.1404
0.5251,-0.0310,0.1104,0.1799,0.0968,0.1250,0.0341,0.1929,0.0343,0.3711,0.5021,-0.1115,0.1458,0.2554,0.0156,0.0969,0.1135,0.0312,0.0497,0.0629,0.1009
0.0800,0.2497,0.0644,0.1406,0.0809,0.0625,0.0957,0.1397,0.0966,0.1250,0.5736,-0.0644,0.0986,0.3719,0.0341,0.1249,0.0341,0.0625,0.0737,0.0824,0.1434
0.1434,0.2187,0.0916,0.1198,0.0653,0.0469,0.0967,0.2022,0.0363,0.2499,0.6108,-0.0967,0.1309,0.2759,0.0341,0.4061,0.0654,0.0469,0.0498,0.0937,0.0810
0.0733,0.2862,0.0500,0.1250,0.1236,0.0781,0.0331,0.1250,0.0967,0.2251,0.5378,-0.0654,0.0996,0.2242,0.0509,0.1092,0.0811,0.0312,0.0966,0.0625,0.0653
0.0343,1.0750,0.0810,0.1238,0.0497,0.0312,0.1435,0.2762,0.0497,0.2702,0.5753,-0.0499,0.1154,0.3595,0.0497,0.4474,0.0652,0.0937,0.0342,0.0898,0.0844
0.0625,0.3348,0.0965,0.0781,0.0622,0.0555,0.1123,0.1250,0.0500,0.2612,0.4246,-0.0809,0.1119,0.3688,0.0331,0.0781,0.1517,0.0312,0.0343,0.0625,0.0810
0.0966,0.6694,0.0497,0.0937,0.1083,0.0469,0.0966,0.2656,0.0342,0.9036,0.4422,-0.0500,0.1153,0.6821,0.1422,0.0355,0.0156,0.0500,0.0341,0.0781,0.0653
